analysis_date,batch_id,sample_id,pond,date,depth,CO2_FID,concentrationCO2Gas,CH4_FID,concentrationCH4Gas,concentrationN2OGas,export_median,replicate_median,concentrationCO2Air,concentrationCH4Air,concentrationN2OAir,headspaceTemp,barometricPressure
11/2/21 22:39,POND,OPP-W_2021-06-02_0_A,OPP-W,6/2/21,0,369.73375,454.58645,8.19982,0,0.39458,export_20211101_gorsky_run1_box1_box2_seta.txt,2,353.39124,1.00429,0.38991,0.2,103.991
11/2/21 22:55,POND,OPP-W_2021-06-02_0_B,OPP-W,6/2/21,0,370.96279,452.43024,14.48778,-7.35086,0.39316,export_20211101_gorsky_run1_box1_box2_seta.txt,2,353.39124,1.00429,0.38991,0.2,103.991
11/2/21 23:11,POND,OPP-W_2021-06-02_0_C,OPP-W,6/2/21,0,360.70843,453.23931,19.7144,-4.67635,0.39164,export_20211101_gorsky_run1_box1_box2_seta.txt,2,353.39124,1.00429,0.38991,0.2,103.991
11/2/21 23:27,POND,OPP-W_2021-06-02_5_A,OPP-W,6/2/21,5,361.62757,443.76868,101.64184,80.98172,0.38938,export_20211101_gorsky_run1_box1_box2_seta.txt,2,353.39124,1.00429,0.38991,0.2,103.991
11/2/21 23:42,POND,OPP-W_2021-06-02_5_B,OPP-W,6/2/21,5,362.00002,452.87851,70.79889,52.8562,0.40052,export_20211101_gorsky_run1_box1_box2_seta.txt,2,353.39124,1.00429,0.38991,0.2,103.991
11/2/21 23:58,POND,OPP-W_2021-06-02_5_C,OPP-W,6/2/21,5,351.58448,439.96153,24.83218,4.50016,0.3957,export_20211101_gorsky_run1_box1_box2_seta.txt,2,353.39124,1.00429,0.38991,0.2,103.991
11/3/21 0:14,POND,OPP-W_2021-06-02_10_A,OPP-W,6/2/21,10,349.1562,440.97755,113.65851,97.92087,0.39654,export_20211101_gorsky_run1_box1_box2_seta.txt,2,353.39124,1.00429,0.38991,0.2,103.991
11/3/21 0:30,POND,OPP-W_2021-06-02_10_B,OPP-W,6/2/21,10,359.19626,446.77691,123.97578,106.14051,0.39469,export_20211101_gorsky_run1_box1_box2_seta.txt,2,353.39124,1.00429,0.38991,0.2,103.991
11/3/21 0:46,POND,OPP-W_2021-06-02_10_C,OPP-W,6/2/21,10,337.93834,429.63145,89.14958,71.12244,0.38872,export_20211101_gorsky_run1_box1_box2_seta.txt,2,353.39124,1.00429,0.38991,0.2,103.991
11/3/21 1:01,POND,OPP-W_2021-06-02_15_A,OPP-W,6/2/21,15,347.50937,442.02637,125.34056,105.62307,0.39532,export_20211101_gorsky_run1_box1_box2_seta.txt,2,353.39124,1.00429,0.38991,0.2,103.991
11/3/21 1:17,POND,OPP-W_2021-06-02_15_B,OPP-W,6/2/21,15,348.63811,440.10991,148.95375,133.43605,0.39921,export_20211101_gorsky_run1_box1_box2_seta.txt,2,353.39124,1.00429,0.38991,0.2,103.991
11/3/21 1:33,POND,OPP-W_2021-06-02_15_C,OPP-W,6/2/21,15,322.23848,414.66369,127.38657,108.14488,0.39046,export_20211101_gorsky_run1_box1_box2_seta.txt,2,353.39124,1.00429,0.38991,0.2,103.991
11/3/21 1:49,POND,OPP-W_2021-06-02_20_A,OPP-W,6/2/21,20,338.05998,429.53969,131.17331,117.39006,0.40463,export_20211101_gorsky_run1_box1_box2_seta.txt,2,353.39124,1.00429,0.38991,0.2,103.991
11/3/21 2:05,POND,OPP-W_2021-06-02_20_B,OPP-W,6/2/21,20,338.99399,435.6819,157.54338,139.92321,0.39531,export_20211101_gorsky_run1_box1_box2_seta.txt,2,353.39124,1.00429,0.38991,0.2,103.991
11/3/21 2:20,POND,OPP-W_2021-06-02_20_C,OPP-W,6/2/21,20,326.94322,421.65362,241.4025,228.54528,0.40215,export_20211101_gorsky_run1_box1_box2_seta.txt,2,353.39124,1.00429,0.38991,0.2,103.991
11/3/21 2:36,POND,OPP-E_2021-06-02_0_A,OPP-E,6/2/21,0,352.76871,445.34855,71.42212,52.92266,0.39292,export_20211101_gorsky_run1_box1_box2_seta.txt,2,397.85274,1.18974,0.37612,0.2,103.991
11/3/21 2:52,POND,OPP-E_2021-06-02_0_B,OPP-E,6/2/21,0,349.81214,442.58358,8.43658,0,0.39975,export_20211101_gorsky_run1_box1_box2_seta.txt,2,397.85274,1.18974,0.37612,0.2,103.991
11/3/21 3:08,POND,OPP-E_2021-06-02_0_C,OPP-E,6/2/21,0,346.94833,442.17944,28.50953,8.45453,0.39062,export_20211101_gorsky_run1_box1_box2_seta.txt,2,397.85274,1.18974,0.37612,0.2,103.991
11/3/21 3:24,POND,OPP-E_2021-06-02_5_A,OPP-E,6/2/21,5,335.5601,428.27064,75.6584,51.89219,0.39904,export_20211101_gorsky_run1_box1_box2_seta.txt,2,397.85274,1.18974,0.37612,0.2,103.991
11/3/21 3:39,POND,OPP-E_2021-06-02_5_B,OPP-E,6/2/21,5,406.35845,484.86834,6.54213,0,0.38792,export_20211101_gorsky_run1_box1_box2_seta.txt,2,397.85274,1.18974,0.37612,0.2,103.991
11/3/21 3:55,POND,OPP-E_2021-06-02_5_C,OPP-E,6/2/21,5,342.09021,427.58262,44.19929,21.5975,0.39539,export_20211101_gorsky_run1_box1_box2_seta.txt,2,397.85274,1.18974,0.37612,0.2,103.991
11/3/21 4:11,POND,OPP-E_2021-06-02_10_A,OPP-E,6/2/21,10,341.36983,428.1945,104.31506,87.01517,0.39388,export_20211101_gorsky_run1_box1_box2_seta.txt,2,397.85274,1.18974,0.37612,0.2,103.991
11/3/21 4:27,POND,OPP-E_2021-06-02_10_B,OPP-E,6/2/21,10,333.24203,423.47168,11.23297,0,0.39704,export_20211101_gorsky_run1_box1_box2_seta.txt,2,397.85274,1.18974,0.37612,0.2,103.991
11/3/21 4:43,POND,OPP-E_2021-06-02_10_C,OPP-E,6/2/21,10,331.24703,425.49982,62.07862,47.03697,0.39296,export_20211101_gorsky_run1_box1_box2_seta.txt,2,397.85274,1.18974,0.37612,0.2,103.991
11/3/21 4:59,POND,OPP-E_2021-06-02_15_A,OPP-E,6/2/21,15,330.98761,415.39935,91.64779,72.39845,0.39271,export_20211101_gorsky_run1_box1_box2_seta.txt,2,397.85274,1.18974,0.37612,0.2,103.991
11/3/21 5:14,POND,OPP-E_2021-06-02_15_B,OPP-E,6/2/21,15,333.05668,421.9988,13.70453,0,0.39128,export_20211101_gorsky_run1_box1_box2_seta.txt,2,397.85274,1.18974,0.37612,0.2,103.991
11/3/21 5:30,POND,OPP-E_2021-06-02_15_C,OPP-E,6/2/21,15,328.81146,423.65755,62.35437,42.7349,0.38588,export_20211101_gorsky_run1_box1_box2_seta.txt,2,397.85274,1.18974,0.37612,0.2,103.991
11/3/21 5:46,POND,OPP-E_2021-06-02_20_A,OPP-E,6/2/21,20,352.29475,432.28006,86.84153,68.80606,0.39308,export_20211101_gorsky_run1_box1_box2_seta.txt,2,397.85274,1.18974,0.37612,0.2,103.991
11/3/21 6:02,POND,OPP-E_2021-06-02_20_B,OPP-E,6/2/21,20,326.98813,414.54342,44.9687,23.53047,0.39036,export_20211101_gorsky_run1_box1_box2_seta.txt,2,397.85274,1.18974,0.37612,0.2,103.991
11/3/21 6:18,POND,OPP-E_2021-06-02_20_C,OPP-E,6/2/21,20,311.78589,400.10865,73.0365,52.55903,0.38676,export_20211101_gorsky_run1_box1_box2_seta.txt,2,397.85274,1.18974,0.37612,0.2,103.991
11/3/21 6:33,POND,DOBA7_2021-06-02_0_A,DOBA7,6/2/21,0,359.89105,443.91901,2.26653,0,0.39574,export_20211101_gorsky_run1_box1_box2_seta.txt,2,373.33423,1.06564,0.38125,0.2,103.991
11/3/21 6:49,POND,DOBA7_2021-06-02_0_B,DOBA7,6/2/21,0,366.49933,456.93132,153.92416,137.43161,0.39283,export_20211101_gorsky_run1_box1_box2_seta.txt,2,373.33423,1.06564,0.38125,0.2,103.991
11/3/21 7:05,POND,DOBA7_2021-06-02_0_C,DOBA7,6/2/21,0,376.47036,456.22177,3.00803,0,0.38399,export_20211101_gorsky_run1_box1_box2_seta.txt,2,373.33423,1.06564,0.38125,0.2,103.991
11/3/21 7:21,POND,DOBA7_2021-06-02_5_A,DOBA7,6/2/21,5,352.25979,434.20746,20.27054,-1.79695,0.40803,export_20211101_gorsky_run1_box1_box2_seta.txt,2,373.33423,1.06564,0.38125,0.2,103.991
11/3/21 7:37,POND,DOBA7_2021-06-02_5_B,DOBA7,6/2/21,5,348.37334,438.27232,354.86391,342.67274,0.39838,export_20211101_gorsky_run1_box1_box2_seta.txt,2,373.33423,1.06564,0.38125,0.2,103.991
11/3/21 7:52,POND,DOBA7_2021-06-02_5_C,DOBA7,6/2/21,5,367.50591,449.93587,523.80837,517.73507,0.38592,export_20211101_gorsky_run1_box1_box2_seta.txt,2,373.33423,1.06564,0.38125,0.2,103.991
11/3/21 8:08,POND,DOBA7_2021-06-02_10_A,DOBA7,6/2/21,10,331.98746,429.36398,22.95388,-1.51022,0.40267,export_20211101_gorsky_run1_box1_box2_seta.txt,2,373.33423,1.06564,0.38125,0.2,103.991
11/3/21 8:24,POND,DOBA7_2021-06-02_10_B,DOBA7,6/2/21,10,333.17495,423.39749,224.84983,210.05713,0.40171,export_20211101_gorsky_run1_box1_box2_seta.txt,2,373.33423,1.06564,0.38125,0.2,103.991
11/3/21 8:40,POND,DOBA7_2021-06-02_10_C,DOBA7,6/2/21,10,372.42166,456.36,463.95156,455.23031,0.41202,export_20211101_gorsky_run1_box1_box2_seta.txt,2,373.33423,1.06564,0.38125,0.2,103.991
11/3/21 8:56,POND,DOBA7_2021-06-02_15_A,DOBA7,6/2/21,15,311.2627,406.48046,24.13484,4.0058,0.40307,export_20211101_gorsky_run1_box1_box2_seta.txt,2,373.33423,1.06564,0.38125,0.2,103.991
11/3/21 11:08,POND,DOBA7_2021-06-02_15_B,DOBA7,6/2/21,15,322.94051,414.14591,226.92556,218.84254,0.40438,export_20211101_gorsky_run1_box1_box2_seta.txt,2,373.33423,1.06564,0.38125,0.2,103.991
11/3/21 11:24,POND,DOBA7_2021-06-02_15_C,DOBA7,6/2/21,15,350.64033,434.24963,639.34465,644.44961,0.38915,export_20211101_gorsky_run1_box1_box2_seta.txt,2,373.33423,1.06564,0.38125,0.2,103.991
11/3/21 11:40,POND,DOBA7_2021-06-02_20_A,DOBA7,6/2/21,20,298.08132,390.82155,25.47998,4.57981,0.41062,export_20211101_gorsky_run1_box1_box2_seta.txt,2,373.33423,1.06564,0.38125,0.2,103.991
11/3/21 11:55,POND,DOBA7_2021-06-02_20_B,DOBA7,6/2/21,20,320.73821,415.43722,233.15252,216.33117,0.41377,export_20211101_gorsky_run1_box1_box2_seta.txt,2,373.33423,1.06564,0.38125,0.2,103.991
11/3/21 12:11,POND,DOBA7_2021-06-02_20_C,DOBA7,6/2/21,20,332.93244,418.76799,638.8881,640.53039,0.39496,export_20211101_gorsky_run1_box1_box2_seta.txt,2,373.33423,1.06564,0.38125,0.2,103.991
11/3/21 12:27,POND,UM-ARB_2021-06-03_0_A,UM-ARB,6/3/21,0,531.65972,597.6803,16.68555,-5.60576,0.48032,export_20211101_gorsky_run1_box1_box2_seta.txt,2,370.85597,1.14357,0.37795,0.2,103.991
11/3/21 12:43,POND,UM-ARB_2021-06-03_0_B,UM-ARB,6/3/21,0,509.3519,583.98705,5.31322,0,0.4703,export_20211101_gorsky_run1_box1_box2_seta.txt,2,370.85597,1.14357,0.37795,0.2,103.991
11/3/21 12:59,POND,UM-ARB_2021-06-03_0_C,UM-ARB,6/3/21,0,399.67157,476.19702,4.46179,0,0.40059,export_20211101_gorsky_run1_box1_box2_seta.txt,2,370.85597,1.14357,0.37795,0.2,103.991
11/3/21 13:14,POND,UM-ARB_2021-06-03_5_A,UM-ARB,6/3/21,5,900.63675,923.91648,1510.22636,1530.11493,0.47179,export_20211101_gorsky_run1_box1_box2_seta.txt,2,370.85597,1.14357,0.37795,0.2,103.991
11/3/21 13:30,POND,UM-ARB_2021-06-03_5_B,UM-ARB,6/3/21,5,519.93814,594.30306,237.97197,228.9957,0.40652,export_20211101_gorsky_run1_box1_box2_seta.txt,2,370.85597,1.14357,0.37795,0.2,103.991
11/3/21 13:46,POND,UM-ARB_2021-06-03_5_C,UM-ARB,6/3/21,5,433.55247,517.69146,10.36204,0,0.39226,export_20211101_gorsky_run1_box1_box2_seta.txt,2,370.85597,1.14357,0.37795,0.2,103.991
11/3/21 14:02,POND,UM-ARB_2021-06-03_10_A,UM-ARB,6/3/21,10,886.2873,916.0265,1151.26822,1158.9803,0.4965,export_20211101_gorsky_run1_box1_box2_seta.txt,2,370.85597,1.14357,0.37795,0.2,103.991
11/3/21 14:18,POND,UM-ARB_2021-06-03_10_B,UM-ARB,6/3/21,10,606.17838,666.11804,547.0583,544.46539,0.40691,export_20211101_gorsky_run1_box1_box2_seta.txt,2,370.85597,1.14357,0.37795,0.2,103.991
11/3/21 14:34,POND,UM-ARB_2021-06-03_10_C,UM-ARB,6/3/21,10,514.90225,588.10541,486.36474,480.70933,0.40226,export_20211101_gorsky_run1_box1_box2_seta.txt,2,370.85597,1.14357,0.37795,0.2,103.991
11/3/21 14:49,POND,UM-ARB_2021-06-03_15_A,UM-ARB,6/3/21,15,815.10906,855.00743,1167.93862,1176.08917,0.41388,export_20211101_gorsky_run1_box1_box2_seta.txt,2,370.85597,1.14357,0.37795,0.2,103.991
11/3/21 15:05,POND,UM-ARB_2021-06-03_15_B,UM-ARB,6/3/21,15,665.90556,717.16707,667.19749,667.20303,0.41562,export_20211101_gorsky_run1_box1_box2_seta.txt,2,370.85597,1.14357,0.37795,0.2,103.991
11/3/21 15:21,POND,UM-ARB_2021-06-03_15_C,UM-ARB,6/3/21,15,567.22464,625.19097,496.30244,488.60983,0.4122,export_20211101_gorsky_run1_box1_box2_seta.txt,2,370.85597,1.14357,0.37795,0.2,103.991
11/3/21 15:37,POND,UM-ARB_2021-06-03_20_A,UM-ARB,6/3/21,20,857.53996,892.74548,1179.36181,1189.48152,0.43156,export_20211101_gorsky_run1_box1_box2_seta.txt,2,370.85597,1.14357,0.37795,0.2,103.991
11/3/21 15:53,POND,UM-ARB_2021-06-03_20_B,UM-ARB,6/3/21,20,748.5054,793.03325,843.54521,841.20193,0.40832,export_20211101_gorsky_run1_box1_box2_seta.txt,2,370.85597,1.14357,0.37795,0.2,103.991
11/3/21 16:09,POND,UM-ARB_2021-06-03_20_C,UM-ARB,6/3/21,20,605.67451,657.82041,619.25471,615.04258,0.40575,export_20211101_gorsky_run1_box1_box2_seta.txt,2,370.85597,1.14357,0.37795,0.2,103.991
11/3/21 16:24,POND,LM-ARB_2021-06-03_0_B,LM-ARB,6/3/21,0,418.24913,499.29764,8.30733,0,0.3925,export_20211101_gorsky_run1_box1_box2_seta.txt,2,358.57367,1.10213,0.37975,0.2,103.991
11/3/21 16:40,POND,LM-ARB_2021-06-03_0_C,LM-ARB,6/3/21,0,405.49686,489.10424,3.54166,0,0.39259,export_20211101_gorsky_run1_box1_box2_seta.txt,2,358.57367,1.10213,0.37975,0.2,103.991
11/3/21 16:56,POND,LM-ARB_2021-06-03_5_B,LM-ARB,6/3/21,5,466.87627,545.7199,10.36557,0,0.4035,export_20211101_gorsky_run1_box1_box2_seta.txt,2,358.57367,1.10213,0.37975,0.2,103.991
11/3/21 17:12,POND,LM-ARB_2021-06-03_5_C,LM-ARB,6/3/21,5,493.78424,567.61317,5.67867,0,0.45578,export_20211101_gorsky_run1_box1_box2_seta.txt,2,358.57367,1.10213,0.37975,0.2,103.991
11/3/21 17:28,POND,LM-ARB_2021-06-03_10_B,LM-ARB,6/3/21,10,481.63915,554.0972,11.60219,0,0.39312,export_20211101_gorsky_run1_box1_box2_seta.txt,2,358.57367,1.10213,0.37975,0.2,103.991
11/3/21 17:44,POND,LM-ARB_2021-06-03_10_C,LM-ARB,6/3/21,10,459.59265,534.44839,6.65173,0,0.38939,export_20211101_gorsky_run1_box1_box2_seta.txt,2,358.57367,1.10213,0.37975,0.2,103.991
11/3/21 17:59,POND,LM-ARB_2021-06-03_15_B,LM-ARB,6/3/21,15,513.57908,581.2662,13.44646,-8.24402,0.39646,export_20211101_gorsky_run1_box1_box2_seta.txt,2,358.57367,1.10213,0.37975,0.2,103.991
11/3/21 18:15,POND,LM-ARB_2021-06-03_15_C,LM-ARB,6/3/21,15,468.36633,544.06818,14.65298,0,0.39699,export_20211101_gorsky_run1_box1_box2_seta.txt,2,358.57367,1.10213,0.37975,0.2,103.991
11/3/21 18:31,POND,LM-ARB_2021-06-03_20_B,LM-ARB,6/3/21,20,839.9576,877.51453,13.58089,0,0.40439,export_20211101_gorsky_run1_box1_box2_seta.txt,2,358.57367,1.10213,0.37975,0.2,103.991
11/3/21 18:47,POND,LM-ARB_2021-06-03_20_C,LM-ARB,6/3/21,20,494.56109,566.65845,20.43836,0.12448,0.40386,export_20211101_gorsky_run1_box1_box2_seta.txt,2,358.57367,1.10213,0.37975,0.2,103.991
11/3/21 19:03,POND,CAP_2021-06-07_0_A,CAP,6/7/21,0,448.29242,529.62366,8.68914,0,0.39556,export_20211101_gorsky_run1_box1_box2_seta.txt,2,363.34897,0.97641,0.38223,0.2,103.991
11/3/21 19:18,POND,CAP_2021-06-07_0_B,CAP,6/7/21,0,469.70877,547.84097,17.90087,-4.99824,0.39686,export_20211101_gorsky_run1_box1_box2_seta.txt,2,363.34897,0.97641,0.38223,0.2,103.991
11/3/21 19:34,POND,CAP_2021-06-07_0_C,CAP,6/7/21,0,516.49047,585.73599,63.95881,43.60993,0.40134,export_20211101_gorsky_run1_box1_box2_seta.txt,2,363.34897,0.97641,0.38223,0.2,103.991
11/3/21 19:50,POND,CAP_2021-06-07_5_A,CAP,6/7/21,5,484.74371,553.36427,63.023,44.34488,0.38823,export_20211101_gorsky_run1_box1_box2_seta.txt,2,363.34897,0.97641,0.38223,0.2,103.991
11/3/21 20:06,POND,CAP_2021-06-07_5_B,CAP,6/7/21,5,501.80567,574.91548,24.82011,0.86603,0.40261,export_20211101_gorsky_run1_box1_box2_seta.txt,2,363.34897,0.97641,0.38223,0.2,103.991
11/3/21 20:22,POND,CAP_2021-06-07_5_C,CAP,6/7/21,5,568.70025,628.70643,218.89909,205.81328,0.39612,export_20211101_gorsky_run1_box1_box2_seta.txt,2,363.34897,0.97641,0.38223,0.2,103.991
11/3/21 20:38,POND,CAP_2021-06-07_10_A,CAP,6/7/21,10,550.8319,614.00888,365.90547,358.84836,0.3941,export_20211101_gorsky_run1_box1_box2_seta.txt,2,363.34897,0.97641,0.38223,0.2,103.991
11/3/21 20:53,POND,CAP_2021-06-07_10_B,CAP,6/7/21,10,557.12639,626.20543,32.1041,13.8151,0.38741,export_20211101_gorsky_run1_box1_box2_seta.txt,2,363.34897,0.97641,0.38223,0.2,103.991
11/3/21 21:09,POND,CAP_2021-06-07_10_C,CAP,6/7/21,10,623.12422,683.63797,241.53051,231.48401,0.38335,export_20211101_gorsky_run1_box1_box2_seta.txt,2,363.34897,0.97641,0.38223,0.2,103.991
11/3/21 21:25,POND,CAP_2021-06-07_15_A,CAP,6/7/21,15,584.69542,648.70355,447.63825,441.11234,0.39453,export_20211101_gorsky_run1_box1_box2_seta.txt,2,363.34897,0.97641,0.38223,0.2,103.991
11/4/21 12:24,POND,CAP_2021-06-07_15_B,CAP,6/7/21,15,619.6112,671.5121,67.79542,44.94142,0.39207,export_20211101_gorsky_run1_box1_box2_seta.txt,2,363.34897,0.97641,0.38223,0.2,103.991
11/4/21 12:40,POND,CAP_2021-06-07_15_C,CAP,6/7/21,15,645.45836,703.58862,246.39287,232.58095,0.39296,export_20211101_gorsky_run1_box1_box2_seta.txt,2,363.34897,0.97641,0.38223,0.2,103.991
11/4/21 12:56,POND,CAP_2021-06-07_20_A,CAP,6/7/21,20,649.84909,706.86433,505.19831,501.85002,0.3965,export_20211101_gorsky_run1_box1_box2_seta.txt,2,363.34897,0.97641,0.38223,0.2,103.991
11/4/21 13:12,POND,CAP_2021-06-07_20_C,CAP,6/7/21,20,668.5419,718.23619,139.36402,125.09776,0.39331,export_20211101_gorsky_run1_box1_box2_seta.txt,2,363.34897,0.97641,0.38223,0.2,103.991
11/4/21 13:23,POND,CAP_2021-06-07_20_C,CAP,6/7/21,20,716.55365,757.53029,252.48556,235.13901,0.39224,export_20211101_gorsky_run1_box1_box2_seta.txt,2,363.34897,0.97641,0.38223,0.2,103.991
11/4/21 13:39,POND,DOBA4_2021-06-07_0_A,DOBA4,6/7/21,0,357.05166,445.79525,11.8478,-8.40441,0.39768,export_20211101_gorsky_run1_box1_box2_seta.txt,2,362.97375,1.02653,0.38137,0.2,103.991
11/4/21 13:55,POND,DOBA4_2021-06-07_0_B,DOBA4,6/7/21,0,360.70324,446.31185,12.07763,0,0.40555,export_20211101_gorsky_run1_box1_box2_seta.txt,2,362.97375,1.02653,0.38137,0.2,103.991
11/4/21 14:11,POND,DOBA4_2021-06-07_0_C,DOBA4,6/7/21,0,360.85364,449.13383,37.9226,18.10728,0.40845,export_20211101_gorsky_run1_box1_box2_seta.txt,2,362.97375,1.02653,0.38137,0.2,103.991
11/4/21 14:27,POND,DOBA4_2021-06-07_5_A,DOBA4,6/7/21,5,351.53477,443.40553,38.87001,22.28412,0.40938,export_20211101_gorsky_run1_box1_box2_seta.txt,2,362.97375,1.02653,0.38137,0.2,103.991
11/4/21 14:43,POND,DOBA4_2021-06-07_5_B,DOBA4,6/7/21,5,430.58779,517.54073,33.68716,15.10704,0.4089,export_20211101_gorsky_run1_box1_box2_seta.txt,2,362.97375,1.02653,0.38137,0.2,103.991
11/4/21 14:58,POND,DOBA4_2021-06-07_5_C,DOBA4,6/7/21,5,355.11021,442.11696,10.28422,-10.83724,0.40094,export_20211101_gorsky_run1_box1_box2_seta.txt,2,362.97375,1.02653,0.38137,0.2,103.991
11/4/21 15:14,POND,DOBA4_2021-06-07_10_A,DOBA4,6/7/21,10,333.19025,431.40461,13.50405,-10.54062,0.40199,export_20211101_gorsky_run1_box1_box2_seta.txt,2,362.97375,1.02653,0.38137,0.2,103.991
11/4/21 15:30,POND,DOBA4_2021-06-07_10_B,DOBA4,6/7/21,10,349.51784,438.6175,53.71359,36.80966,0.40272,export_20211101_gorsky_run1_box1_box2_seta.txt,2,362.97375,1.02653,0.38137,0.2,103.991
11/4/21 15:46,POND,DOBA4_2021-06-07_10_C,DOBA4,6/7/21,10,350.01006,438.47068,84.42552,66.28205,0.41794,export_20211101_gorsky_run1_box1_box2_seta.txt,2,362.97375,1.02653,0.38137,0.2,103.991
11/4/21 16:02,POND,DOBA4_2021-06-07_15_A,DOBA4,6/7/21,15,339.05995,431.45303,43.39188,22.44561,0.40324,export_20211101_gorsky_run1_box1_box2_seta.txt,2,362.97375,1.02653,0.38137,0.2,103.991
11/4/21 16:17,POND,DOBA4_2021-06-07_15_B,DOBA4,6/7/21,15,351.14131,442.15835,57.27508,39.18591,0.40033,export_20211101_gorsky_run1_box1_box2_seta.txt,2,362.97375,1.02653,0.38137,0.2,103.991
11/4/21 16:33,POND,DOBA4_2021-06-07_15_C,DOBA4,6/7/21,15,352.61771,447.67501,97.19198,77.77165,0.40789,export_20211101_gorsky_run1_box1_box2_seta.txt,2,362.97375,1.02653,0.38137,0.2,103.991
11/4/21 16:49,POND,DOBA4_2021-06-07_20_A,DOBA4,6/7/21,20,348.84202,439.48983,54.89859,34.4422,0.39932,export_20211101_gorsky_run1_box1_box2_seta.txt,2,362.97375,1.02653,0.38137,0.2,103.991
11/4/21 17:05,POND,DOBA4_2021-06-07_20_B,DOBA4,6/7/21,20,336.28777,428.79466,61.69887,37.47541,0.42015,export_20211101_gorsky_run1_box1_box2_seta.txt,2,362.97375,1.02653,0.38137,0.2,103.991
11/4/21 17:21,POND,DOBA4_2021-06-07_20_C,DOBA4,6/7/21,20,336.62661,423.72119,116.24223,97.2705,0.40543,export_20211101_gorsky_run1_box1_box2_seta.txt,2,362.97375,1.02653,0.38137,0.2,103.991
11/4/21 17:36,POND,DOBA5_2021-06-07_0_A,DOBA5,6/7/21,0,380.16755,464.77713,4.481,0,0.41699,export_20211101_gorsky_run1_box1_box2_seta.txt,2,354.07785,0.91487,0.37485,0.2,103.991
11/4/21 17:52,POND,DOBA5_2021-06-07_0_B,DOBA5,6/7/21,0,379.56504,467.30429,3.39739,0,0.40736,export_20211101_gorsky_run1_box1_box2_seta.txt,2,354.07785,0.91487,0.37485,0.2,103.991
11/4/21 18:08,POND,DOBA5_2021-06-07_5_A,DOBA5,6/7/21,5,410.48393,496.84584,468.46577,460.74028,0.40568,export_20211101_gorsky_run1_box1_box2_seta.txt,2,354.07785,0.91487,0.37485,0.2,103.991
11/4/21 18:24,POND,DOBA5_2021-06-07_5_B,DOBA5,6/7/21,5,407.35409,487.49586,6.81807,0,0.42494,export_20211101_gorsky_run1_box1_box2_seta.txt,2,354.07785,0.91487,0.37485,0.2,103.991
11/4/21 18:40,POND,DOBA5_2021-06-07_10_A,DOBA5,6/7/21,10,405.54683,492.56972,126.0022,112.34753,0.40893,export_20211101_gorsky_run1_box1_box2_seta.txt,2,354.07785,0.91487,0.37485,0.2,103.991
11/4/21 18:56,POND,DOBA5_2021-06-07_10_B,DOBA5,6/7/21,10,417.9008,499.15707,9.89937,0,0.41277,export_20211101_gorsky_run1_box1_box2_seta.txt,2,354.07785,0.91487,0.37485,0.2,103.991
11/4/21 19:11,POND,DOBA5_2021-06-07_15_A,DOBA5,6/7/21,15,422.2905,501.64988,170.47364,161.41491,0.41208,export_20211101_gorsky_run1_box1_box2_seta.txt,2,354.07785,0.91487,0.37485,0.2,103.991
11/4/21 19:27,POND,DOBA5_2021-06-07_15_B,DOBA5,6/7/21,15,430.50006,509.36805,12.83164,0,0.41513,export_20211101_gorsky_run1_box1_box2_seta.txt,2,354.07785,0.91487,0.37485,0.2,103.991
11/4/21 19:43,POND,DOBA5_2021-06-07_20_A,DOBA5,6/7/21,20,433.10733,509.12595,176.00723,161.37865,0.41318,export_20211101_gorsky_run1_box1_box2_seta.txt,2,354.07785,0.91487,0.37485,0.2,103.991
11/4/21 19:59,POND,DOBA5_2021-06-07_20_B,DOBA5,6/7/21,20,448.91719,529.42685,15.60068,-7.5217,0.42523,export_20211101_gorsky_run1_box1_box2_seta.txt,2,354.07785,0.91487,0.37485,0.2,103.991
11/4/21 20:15,POND,ALC_2021-06-08_0_A,ALC,6/8/21,0,378.16869,461.05978,33.71395,12.62697,0.4105,export_20211101_gorsky_run1_box1_box2_seta.txt,2,385.81521,1.08483,0.3806,0.2,103.991
11/4/21 20:30,POND,ALC_2021-06-08_0_B,ALC,6/8/21,0,393.28863,477.07872,29.7803,5.76244,0.42069,export_20211101_gorsky_run1_box1_box2_seta.txt,2,385.81521,1.08483,0.3806,0.2,103.991
11/4/21 20:46,POND,ALC_2021-06-08_0_C,ALC,6/8/21,0,378.54699,466.03017,13.89128,0,0.41303,export_20211101_gorsky_run1_box1_box2_seta.txt,2,385.81521,1.08483,0.3806,0.2,103.991
11/4/21 21:02,POND,ALC_2021-06-08_5_A,ALC,6/8/21,5,355.7481,447.24041,36.64229,14.97411,0.40565,export_20211101_gorsky_run1_box1_box2_seta.txt,2,385.81521,1.08483,0.3806,0.2,103.991
11/4/21 21:18,POND,ALC_2021-06-08_5_B,ALC,6/8/21,5,385.18187,475.73782,42.90008,22.62578,0.41811,export_20211101_gorsky_run1_box1_box2_seta.txt,2,385.81521,1.08483,0.3806,0.2,103.991
11/4/21 21:34,POND,ALC_2021-06-08_5_C,ALC,6/8/21,5,379.22974,459.47523,17.01617,-4.17649,0.41623,export_20211101_gorsky_run1_box1_box2_seta.txt,2,385.81521,1.08483,0.3806,0.2,103.991
11/4/21 21:49,POND,ALC_2021-06-08_10_A,ALC,6/8/21,10,356.65209,444.5426,47.42755,26.79383,0.41315,export_20211101_gorsky_run1_box1_box2_seta.txt,2,385.81521,1.08483,0.3806,0.2,103.991
11/4/21 22:05,POND,ALC_2021-06-08_10_B,ALC,6/8/21,10,380.6279,468.57256,75.13163,55.14291,0.41862,export_20211101_gorsky_run1_box1_box2_seta.txt,2,385.81521,1.08483,0.3806,0.2,103.991
11/4/21 22:21,POND,ALC_2021-06-08_10_C,ALC,6/8/21,10,352.08804,443.22591,22.15889,1.54771,0.41508,export_20211101_gorsky_run1_box1_box2_seta.txt,2,385.81521,1.08483,0.3806,0.2,103.991
11/4/21 22:37,POND,ALC_2021-06-08_15_A,ALC,6/8/21,15,349.96324,437.35978,55.78101,32.71742,0.40893,export_20211101_gorsky_run1_box1_box2_seta.txt,2,385.81521,1.08483,0.3806,0.2,103.991
11/4/21 22:53,POND,ALC_2021-06-08_15_B,ALC,6/8/21,15,353.20874,446.50592,90.18842,71.9667,0.4148,export_20211101_gorsky_run1_box1_box2_seta.txt,2,385.81521,1.08483,0.3806,0.2,103.991
11/4/21 23:09,POND,ALC_2021-06-08_15_C,ALC,6/8/21,15,344.67174,433.15473,26.86156,2.00966,0.40352,export_20211101_gorsky_run1_box1_box2_seta.txt,2,385.81521,1.08483,0.3806,0.2,103.991
11/4/21 23:24,POND,ALC_2021-06-08_20_A,ALC,6/8/21,20,339.20639,427.3007,58.40838,39.53691,0.40941,export_20211101_gorsky_run1_box1_box2_seta.txt,2,385.81521,1.08483,0.3806,0.2,103.991
11/4/21 23:40,POND,ALC_2021-06-08_20_B,ALC,6/8/21,20,344.43987,436.22388,158.45817,140.22368,0.41767,export_20211101_gorsky_run1_box1_box2_seta.txt,2,385.81521,1.08483,0.3806,0.2,103.991
11/4/21 23:56,POND,ALC_2021-06-08_20_C,ALC,6/8/21,20,326.13557,418.7883,29.56018,7.51524,0.41772,export_20211101_gorsky_run1_box1_box2_seta.txt,2,385.81521,1.08483,0.3806,0.2,103.991
11/5/21 0:12,POND,ELV_2021-06-08_0_A,ELV,6/8/21,0,348.7729,441.73195,36.35724,18.79445,0.409,export_20211101_gorsky_run1_box1_box2_seta.txt,2,374.06561,1.02232,0.37341,0.2,103.991
11/5/21 0:28,POND,ELV_2021-06-08_0_B,ELV,6/8/21,0,359.14983,448.11039,23.94629,0.49745,0.40859,export_20211101_gorsky_run1_box1_box2_seta.txt,2,374.06561,1.02232,0.37341,0.2,103.991
11/5/21 0:44,POND,ELV_2021-06-08_0_C,ELV,6/8/21,0,368.63904,458.09216,7.12046,0,0.41459,export_20211101_gorsky_run1_box1_box2_seta.txt,2,374.06561,1.02232,0.37341,0.2,103.991
11/5/21 0:59,POND,ELV_2021-06-08_5_A,ELV,6/8/21,5,345.71038,437.89434,42.65073,19.8458,0.41761,export_20211101_gorsky_run1_box1_box2_seta.txt,2,374.06561,1.02232,0.37341,0.2,103.991
11/5/21 1:15,POND,ELV_2021-06-08_5_B,ELV,6/8/21,5,351.63316,442.85262,33.06895,15.79036,0.40937,export_20211101_gorsky_run1_box1_box2_seta.txt,2,374.06561,1.02232,0.37341,0.2,103.991
11/5/21 1:31,POND,ELV_2021-06-08_5_C,ELV,6/8/21,5,342.21029,431.75643,53.58291,34.3686,0.41728,export_20211101_gorsky_run1_box1_box2_seta.txt,2,374.06561,1.02232,0.37341,0.2,103.991
11/5/21 1:47,POND,ELV_2021-06-08_10_A,ELV,6/8/21,10,354.89906,445.92294,56.34235,34.39112,0.41533,export_20211101_gorsky_run1_box1_box2_seta.txt,2,374.06561,1.02232,0.37341,0.2,103.991
11/5/21 2:03,POND,ELV_2021-06-08_10_B,ELV,6/8/21,10,347.40596,434.46712,38.54394,16.22375,0.40789,export_20211101_gorsky_run1_box1_box2_seta.txt,2,374.06561,1.02232,0.37341,0.2,103.991
11/5/21 2:19,POND,ELV_2021-06-08_10_C,ELV,6/8/21,10,346.25671,437.36485,57.78007,39.5858,0.41725,export_20211101_gorsky_run1_box1_box2_seta.txt,2,374.06561,1.02232,0.37341,0.2,103.991
11/5/21 2:34,POND,ELV_2021-06-08_15_A,ELV,6/8/21,15,343.77014,436.51713,68.8933,46.78814,0.41479,export_20211101_gorsky_run1_box1_box2_seta.txt,2,374.06561,1.02232,0.37341,0.2,103.991
11/5/21 2:50,POND,ELV_2021-06-08_15_B,ELV,6/8/21,15,345.04657,433.15941,51.02804,28.43292,0.41767,export_20211101_gorsky_run1_box1_box2_seta.txt,2,374.06561,1.02232,0.37341,0.2,103.991
11/5/21 3:06,POND,ELV_2021-06-08_15_C,ELV,6/8/21,15,331.01127,419.42946,97.66252,76.47531,0.41563,export_20211101_gorsky_run1_box1_box2_seta.txt,2,374.06561,1.02232,0.37341,0.2,103.991
11/5/21 3:22,POND,ELV_2021-06-08_20_A,ELV,6/8/21,20,336.21375,428.66424,79.85533,58.16184,0.41161,export_20211101_gorsky_run1_box1_box2_seta.txt,2,374.06561,1.02232,0.37341,0.2,103.991
11/5/21 3:38,POND,ELV_2021-06-08_20_B,ELV,6/8/21,20,339.36492,431.85093,52.4991,31.04591,0.41517,export_20211101_gorsky_run1_box1_box2_seta.txt,2,374.06561,1.02232,0.37341,0.2,103.991
11/5/21 3:53,POND,ELV_2021-06-08_20_C,ELV,6/8/21,20,338.53336,431.15314,132.99862,115.8806,0.4134,export_20211101_gorsky_run1_box1_box2_seta.txt,2,374.06561,1.02232,0.37341,0.2,103.991
11/5/21 4:09,POND,DCSW1_2021-06-09_0_A,DCSW1,6/9/21,0,392.51992,474.43128,5.28232,0,0.41441,export_20211101_gorsky_run1_box1_box2_seta.txt,2,390.33569,1.13371,0.3821,0.2,103.991
11/5/21 4:25,POND,DCSW1_2021-06-09_0_B,DCSW1,6/9/21,0,360.38764,450.05536,2.77626,0,0.41856,export_20211101_gorsky_run1_box1_box2_seta.txt,2,390.33569,1.13371,0.3821,0.2,103.991
11/5/21 4:41,POND,DCSW1_2021-06-09_0_C,DCSW1,6/9/21,0,379.04471,465.51825,14.59118,0,0.41688,export_20211101_gorsky_run1_box1_box2_seta.txt,2,390.33569,1.13371,0.3821,0.2,103.991
11/5/21 4:57,POND,DCSW1_2021-06-09_5_A,DCSW1,6/9/21,5,361.84893,449.88277,22.66152,2.22389,0.41494,export_20211101_gorsky_run1_box1_box2_seta.txt,2,390.33569,1.13371,0.3821,0.2,103.991
11/5/21 5:13,POND,DCSW1_2021-06-09_5_B,DCSW1,6/9/21,5,347.95187,436.82599,3.03982,0,0.42203,export_20211101_gorsky_run1_box1_box2_seta.txt,2,390.33569,1.13371,0.3821,0.2,103.991
11/5/21 5:28,POND,DCSW1_2021-06-09_5_C,DCSW1,6/9/21,5,347.97146,440.12943,20.76196,-1.08726,0.41183,export_20211101_gorsky_run1_box1_box2_seta.txt,2,390.33569,1.13371,0.3821,0.2,103.991
11/5/21 5:44,POND,DCSW1_2021-06-09_10_A,DCSW1,6/9/21,10,333.54735,417.94408,33.19857,13.32183,0.42044,export_20211101_gorsky_run1_box1_box2_seta.txt,2,390.33569,1.13371,0.3821,0.2,103.991
11/5/21 6:00,POND,DCSW1_2021-06-09_10_B,DCSW1,6/9/21,10,311.78697,402.41481,2.9371,0,0.42797,export_20211101_gorsky_run1_box1_box2_seta.txt,2,390.33569,1.13371,0.3821,0.2,103.991
11/5/21 6:16,POND,DCSW1_2021-06-09_10_C,DCSW1,6/9/21,10,321.37624,406.62103,22.70695,2.73803,0.41628,export_20211101_gorsky_run1_box1_box2_seta.txt,2,390.33569,1.13371,0.3821,0.2,103.991
11/5/21 6:32,POND,DCSW1_2021-06-09_15_A,DCSW1,6/9/21,15,304.35812,402.72016,33.94885,14.37318,0.43012,export_20211101_gorsky_run1_box1_box2_seta.txt,2,390.33569,1.13371,0.3821,0.2,103.991
11/5/21 6:47,POND,DCSW1_2021-06-09_15_B,DCSW1,6/9/21,15,304.76882,397.07621,4.38141,0,0.42341,export_20211101_gorsky_run1_box1_box2_seta.txt,2,390.33569,1.13371,0.3821,0.2,103.991
11/5/21 7:03,POND,DCSW1_2021-06-09_15_C,DCSW1,6/9/21,15,298.68419,394.71616,22.87238,-0.83129,0.41363,export_20211101_gorsky_run1_box1_box2_seta.txt,2,390.33569,1.13371,0.3821,0.2,103.991
11/5/21 7:19,POND,DCSW1_2021-06-09_20_A,DCSW1,6/9/21,20,263.16173,355.47322,35.23613,14.10513,0.42406,export_20211101_gorsky_run1_box1_box2_seta.txt,2,390.33569,1.13371,0.3821,0.2,103.991
11/5/21 7:35,POND,DCSW1_2021-06-09_20_B,DCSW1,6/9/21,20,265.55462,361.81613,16.8879,-8.77738,0.42334,export_20211101_gorsky_run1_box1_box2_seta.txt,2,390.33569,1.13371,0.3821,0.2,103.991
11/5/21 7:51,POND,DCSW1_2021-06-09_20_C,DCSW1,6/9/21,20,262.55848,360.09959,50.35966,30.15331,0.4161,export_20211101_gorsky_run1_box1_box2_seta.txt,2,390.33569,1.13371,0.3821,0.2,103.991
11/5/21 8:07,POND,DCSW2_2021-06-09_0_A,DCSW2,6/9/21,0,359.05015,448.73867,3.09122,0,0.41353,export_20211101_gorsky_run1_box1_box2_seta.txt,2,361.62379,0.99511,0.37661,0.2,103.991
11/5/21 8:22,POND,DCSW2_2021-06-09_0_B,DCSW2,6/9/21,0,374.48444,459.18081,9.35901,0,0.41007,export_20211101_gorsky_run1_box1_box2_seta.txt,2,361.62379,0.99511,0.37661,0.2,103.991
11/5/21 8:38,POND,DCSW2_2021-06-09_0_C,DCSW2,6/9/21,0,336.93672,430.98211,5.49757,0,0.40798,export_20211101_gorsky_run1_box1_box2_seta.txt,2,361.62379,0.99511,0.37661,0.2,103.991
11/5/21 8:54,POND,DCSW2_2021-06-09_5_A,DCSW2,6/9/21,5,327.13916,417.65982,15.11047,0,0.4162,export_20211101_gorsky_run1_box1_box2_seta.txt,2,361.62379,0.99511,0.37661,0.2,103.991
11/5/21 9:10,POND,DCSW2_2021-06-09_5_B,DCSW2,6/9/21,5,320.23222,409.47542,26.78091,5.80748,0.41588,export_20211101_gorsky_run1_box1_box2_seta.txt,2,361.62379,0.99511,0.37661,0.2,103.991
11/5/21 9:26,POND,DCSW2_2021-06-09_5_C,DCSW2,6/9/21,5,306.3281,401.7428,19.70517,0.71662,0.4168,export_20211101_gorsky_run1_box1_box2_seta.txt,2,361.62379,0.99511,0.37661,0.2,103.991
11/5/21 9:42,POND,DCSW2_2021-06-09_10_A,DCSW2,6/9/21,10,291.61856,383.03856,15.2427,0,0.42099,export_20211101_gorsky_run1_box1_box2_seta.txt,2,361.62379,0.99511,0.37661,0.2,103.991
11/5/21 9:57,POND,DCSW2_2021-06-09_10_B,DCSW2,6/9/21,10,282.97395,376.8573,28.91073,8.56055,0.42419,export_20211101_gorsky_run1_box1_box2_seta.txt,2,361.62379,0.99511,0.37661,0.2,103.991
11/5/21 10:13,POND,DCSW2_2021-06-09_10_C,DCSW2,6/9/21,10,283.79986,378.3993,25.29492,4.93301,0.42296,export_20211101_gorsky_run1_box1_box2_seta.txt,2,361.62379,0.99511,0.37661,0.2,103.991
11/5/21 10:29,POND,DCSW2_2021-06-09_15_A,DCSW2,6/9/21,15,263.41601,366.43859,18.89923,-2.57475,0.42217,export_20211101_gorsky_run1_box1_box2_seta.txt,2,361.62379,0.99511,0.37661,0.2,103.991
11/5/21 10:45,POND,DCSW2_2021-06-09_15_B,DCSW2,6/9/21,15,257.64722,350.52704,30.80677,4.21783,0.43638,export_20211101_gorsky_run1_box1_box2_seta.txt,2,361.62379,0.99511,0.37661,0.2,103.991
11/5/21 11:01,POND,DCSW2_2021-06-09_15_C,DCSW2,6/9/21,15,244.41992,353.06358,28.87717,5.33619,0.4248,export_20211101_gorsky_run1_box1_box2_seta.txt,2,361.62379,0.99511,0.37661,0.2,103.991
11/5/21 11:17,POND,DCSW2_2021-06-09_20_A,DCSW2,6/9/21,20,225.35718,328.36786,21.57244,1.89431,0.43005,export_20211101_gorsky_run1_box1_box2_seta.txt,2,361.62379,0.99511,0.37661,0.2,103.991
11/5/21 11:32,POND,DCSW2_2021-06-09_20_B,DCSW2,6/9/21,20,242.60533,344.30167,49.02067,30.71249,0.42777,export_20211101_gorsky_run1_box1_box2_seta.txt,2,361.62379,0.99511,0.37661,0.2,103.991
11/5/21 11:48,POND,DCSW2_2021-06-09_20_C,DCSW2,6/9/21,20,211.47467,314.01314,31.11272,13.18231,0.42035,export_20211101_gorsky_run1_box1_box2_seta.txt,2,361.62379,0.99511,0.37661,0.2,103.991
11/5/21 12:04,POND,DCSW3_2021-06-09_0_A,DCSW3,6/9/21,0,348.77369,439.69522,1.62841,0,0.40387,export_20211101_gorsky_run1_box1_box2_seta.txt,2,362.77681,0.9685,0.37865,0.2,103.991
11/5/21 12:20,POND,DCSW3_2021-06-09_0_B,DCSW3,6/9/21,0,352.8171,443.39616,1.59395,0,0.4058,export_20211101_gorsky_run1_box1_box2_seta.txt,2,362.77681,0.9685,0.37865,0.2,103.991
11/5/21 12:36,POND,DCSW3_2021-06-09_0_C,DCSW3,6/9/21,0,348.99245,433.43626,1.43751,0,0.40655,export_20211101_gorsky_run1_box1_box2_seta.txt,2,362.77681,0.9685,0.37865,0.2,103.991
11/5/21 12:51,POND,DCSW3_2021-06-09_5_A,DCSW3,6/9/21,5,326.56921,413.85618,2.23705,0,0.40692,export_20211101_gorsky_run1_box1_box2_seta.txt,2,362.77681,0.9685,0.37865,0.2,103.991
11/5/21 13:07,POND,DCSW3_2021-06-09_5_B,DCSW3,6/9/21,5,352.22359,441.33913,2.365,0,0.42288,export_20211101_gorsky_run1_box1_box2_seta.txt,2,362.77681,0.9685,0.37865,0.2,103.991
11/5/21 13:23,POND,DCSW3_2021-06-09_5_C,DCSW3,6/9/21,5,376.61608,452.24359,1.18734,0,0.42095,export_20211101_gorsky_run1_box1_box2_seta.txt,2,362.77681,0.9685,0.37865,0.2,103.991
11/5/21 13:39,POND,DCSW3_2021-06-09_10_A,DCSW3,6/9/21,10,312.69775,400.98723,2.70898,0,0.409,export_20211101_gorsky_run1_box1_box2_seta.txt,2,362.77681,0.9685,0.37865,0.2,103.991
11/5/21 13:55,POND,DCSW3_2021-06-09_10_B,DCSW3,6/9/21,10,314.06081,403.06183,2.86763,0,0.41313,export_20211101_gorsky_run1_box1_box2_seta.txt,2,362.77681,0.9685,0.37865,0.2,103.991
11/5/21 14:11,POND,DCSW3_2021-06-09_10_C,DCSW3,6/9/21,10,291.45044,381.0643,2.19255,0,0.4122,export_20211101_gorsky_run1_box1_box2_seta.txt,2,362.77681,0.9685,0.37865,0.2,103.991
11/5/21 14:26,POND,DCSW3_2021-06-09_15_A,DCSW3,6/9/21,15,275.84421,377.05684,3.37591,0,0.42154,export_20211101_gorsky_run1_box1_box2_seta.txt,2,362.77681,0.9685,0.37865,0.2,103.991