analysis_date,export,batch_id,sample_id,pond,date,depth,replicate,CO2_FID,CO2_TCD,CH4_FID,CH4_TCD,N2O_ECD
11/11/21 14:42,run2_tray1.txt,POND,DOBA7_2021-06-14_Air_1,DOBA7,6/14/21,Air,1,352.85951,411.74377,0.83154,0,0.41183
11/11/21 14:58,run2_tray1.txt,POND,DOBA7_2021-06-14_Air_2,DOBA7,6/14/21,Air,2,349.62996,419.64236,0.98461,0,0.4085
11/11/21 15:14,run2_tray1.txt,POND,DOBA7_2021-06-14_Air_3,DOBA7,6/14/21,Air,3,345.56129,414.97401,0.82163,0,0.40359
11/11/21 15:30,run2_tray1.txt,POND,OPP-W_2021-06-14_Air_1,OPP-W,6/14/21,Air,1,359.73101,425.33342,1.20551,0,0.41006
11/11/21 15:45,run2_tray1.txt,POND,OPP-W_2021-06-14_Air_2,OPP-W,6/14/21,Air,2,336.56989,405.42496,1.20532,0,0.41335
11/11/21 16:01,run2_tray1.txt,POND,OPP-W_2021-06-14_Air_3,OPP-W,6/14/21,Air,3,343.0005,417.04786,0.74493,0,0.40979
11/11/21 16:17,run2_tray1.txt,POND,OPP-E_2021-06-14_Air_1,OPP-E,6/14/21,Air,1,337.29139,408.00685,0.98214,0,0.40405
11/11/21 16:33,run2_tray1.txt,POND,OPP-E_2021-06-14_Air_2,OPP-E,6/14/21,Air,2,337.30348,403.62327,0.99864,0,0.41017
11/11/21 16:49,run2_tray1.txt,POND,OPP-E_2021-06-14_Air_3,OPP-E,6/14/21,Air,3,338.39038,406.90649,0.91264,0,0.40413
11/11/21 17:05,run2_tray1.txt,POND,ALC_2021-06-15_Air_1,ALC,6/15/21,Air,1,406.7847,474.97478,0.95306,0,0.40689
11/11/21 17:20,run2_tray1.txt,POND,ALC_2021-06-15_Air_2,ALC,6/15/21,Air,2,349.61494,410.19146,1.06805,0,0.40413
11/11/21 17:36,run2_tray1.txt,POND,ALC_2021-06-15_Air_3,ALC,6/15/21,Air,3,331.81017,421.2208,0.91968,0,0.4085
11/11/21 17:52,run2_tray1.txt,POND,LM-ARB_2021-06-15_Air_1,LM-ARB,6/15/21,Air,1,351.40072,416.43873,1.13424,0,0.4136
11/11/21 18:08,run2_tray1.txt,POND,LM-ARB_2021-06-15_Air_2,LM-ARB,6/15/21,Air,2,351.16134,416.77014,1.00677,0,0.40848
11/11/21 18:24,run2_tray1.txt,POND,LM-ARB_2021-06-15_Air_3,LM-ARB,6/15/21,Air,3,485.05459,547.6463,0.98037,0,0.40969
11/11/21 18:39,run2_tray1.txt,POND,UM-ARB_2021-06-15_Air_1,UM-ARB,6/15/21,Air,1,372.80994,425.81533,1.41566,0,0.40941
11/11/21 18:55,run2_tray1.txt,POND,UM-ARB_2021-06-15_Air_2,UM-ARB,6/15/21,Air,2,347.04463,414.79252,1.96151,0,0.41664
11/11/21 19:11,run2_tray1.txt,POND,UM-ARB_2021-06-15_Air_3,UM-ARB,6/15/21,Air,3,345.41008,415.0625,1.66717,0,0.40922
11/11/21 19:27,run2_tray1.txt,POND,DOBA5_2021-06-16_Air_1,DOBA5,6/16/21,Air,1,346.2561,416.1495,0.99989,0,0.39982
11/11/21 19:43,run2_tray1.txt,POND,DOBA5_2021-06-16_Air_2,DOBA5,6/16/21,Air,2,451.4687,510.77692,1.06318,0,0.40838
11/11/21 19:59,run2_tray1.txt,POND,DOBA5_2021-06-16_Air_3,DOBA5,6/16/21,Air,3,338.55941,414.63938,1.02414,0,0.41476
11/11/21 20:14,run2_tray1.txt,POND,DOBA4_2021-06-16_Air_1,DOBA4,6/16/21,Air,1,391.51562,456.86108,19.98522,0,0.41238
11/11/21 20:30,run2_tray1.txt,POND,DOBA4_2021-06-16_Air_2,DOBA4,6/16/21,Air,2,348.62564,412.13398,1.12632,0,0.41217
11/11/21 20:46,run2_tray1.txt,POND,DOBA4_2021-06-16_Air_3,DOBA4,6/16/21,Air,3,368.39329,434.67477,0.72337,0,0.40863
11/11/21 21:02,run2_tray1.txt,POND,CAP_2021-06-16_Air_1,CAP,6/16/21,Air,1,353.57723,420.61458,0.73066,0,0.40919
11/11/21 21:18,run2_tray1.txt,POND,CAP_2021-06-16_Air_2,CAP,6/16/21,Air,2,365.29059,437.28418,1.64267,0,0.41703
11/11/21 21:33,run2_tray1.txt,POND,CAP_2021-06-16_Air_3,CAP,6/16/21,Air,3,375.9301,439.80517,7.76821,0,0.408
11/11/21 21:49,run2_tray1.txt,POND,DOBA8_2021-06-17_Air_1,DOBA8,6/17/21,Air,1,339.41933,409.89555,0.89914,0,0.41148
11/11/21 22:05,run2_tray1.txt,POND,DOBA8_2021-06-17_Air_2,DOBA8,6/17/21,Air,2,336.39034,413.0068,1.03124,0,0.41728
11/11/21 22:21,run2_tray1.txt,POND,DOBA8_2021-06-17_Air_3,DOBA8,6/17/21,Air,3,348.00925,413.47917,0.94389,0,0.40606
11/11/21 22:37,run2_tray1.txt,POND,MDT_2021-06-17_Air_1,MDT,6/17/21,Air,1,367.08454,426.57183,13.3987,0,0.41212
11/11/21 22:53,run2_tray1.txt,POND,MDT_2021-06-17_Air_2,MDT,6/17/21,Air,2,330.32983,404.12453,0.8612,0,0.41253
11/11/21 23:08,run2_tray1.txt,POND,MDT_2021-06-17_Air_3,MDT,6/17/21,Air,3,337.88479,401.30177,1.09521,0,0.42092
11/11/21 23:24,run2_tray1.txt,POND,ELV_2021-06-17_Air_1,ELV,6/17/21,Air,1,342.74876,414.16229,1.37114,0,0.41815
11/11/21 23:40,run2_tray1.txt,POND,ELV_2021-06-17_Air_2,ELV,6/17/21,Air,2,347.75291,415.97449,1.08975,0,0.41673
11/11/21 23:56,run2_tray1.txt,POND,ELV_2021-06-17_Air_3,ELV,6/17/21,Air,3,454.07067,514.84499,106.94217,0,0.40717
11/12/21 0:12,run2_tray1.txt,POND,HP_2021-06-18_Air_1,HP,6/18/21,Air,1,346.57613,413.60767,1.28327,0,0.42039
11/12/21 0:28,run2_tray1.txt,POND,HP_2021-06-18_Air_2,HP,6/18/21,Air,2,348.50531,419.35232,1.07308,0,0.43041
11/12/21 0:43,run2_tray1.txt,POND,HP_2021-06-18_Air_3,HP,6/18/21,Air,3,403.79916,464.47907,4.34823,0,0.42273
11/12/21 0:59,run2_tray1.txt,POND,L60-UW_2021-06-18_Air_1,L60-UW,6/18/21,Air,1,363.31527,425.76739,1.17356,0,0.42075
11/12/21 1:15,run2_tray1.txt,POND,L60-UW_2021-06-18_Air_2,L60-UW,6/18/21,Air,2,403.9184,464.22403,19.79392,0,0.41834
11/12/21 1:31,run2_tray1.txt,POND,L60-UW_2021-06-18_Air_3,L60-UW,6/18/21,Air,3,391.79131,447.67468,13.63926,0,0.41475
11/12/21 1:47,run2_tray1.txt,POND,DCSW3_2021-06-21_Air_1,DCSW3,6/21/21,Air,1,341.10741,409.18747,1.12735,0,0.41623
11/12/21 2:02,run2_tray1.txt,POND,DCSW3_2021-06-21_Air_2,DCSW3,6/21/21,Air,2,353.5886,422.98035,0.94313,0,0.41924
11/12/21 2:18,run2_tray1.txt,POND,DCSW3_2021-06-21_Air_3,DCSW3,6/21/21,Air,3,352.43953,427.67808,1.57826,0,0.41828
11/12/21 2:34,run2_tray1.txt,POND,DCSW2_2021-06-21_Air_1,DCSW2,6/21/21,Air,1,354.21803,421.01307,1.92278,0,0.42173
11/12/21 2:50,run2_tray1.txt,POND,DCSW2_2021-06-21_Air_2,DCSW2,6/21/21,Air,2,396.97264,467.474,3.95604,0,0.41453
11/12/21 3:06,run2_tray1.txt,POND,DCSW2_2021-06-21_Air_3,DCSW2,6/21/21,Air,3,365.75085,433.17121,1.18473,0,0.41815
11/12/21 3:21,run2_tray1.txt,POND,DCSW1_2021-06-21_Air_1,DCSW1,6/21/21,Air,1,385.66011,451.81634,3.03871,0,0.43107
11/12/21 3:37,run2_tray1.txt,POND,DCSW1_2021-06-21_Air_2,DCSW1,6/21/21,Air,2,370.75816,439.91918,2.037495,0,0.38638
11/12/21 3:53,run2_tray1.txt,POND,DCSW1_2021-06-21_Air_3,DCSW1,6/21/21,Air,3,355.85621,428.02202,1.03628,0,0.42568
11/12/21 4:09,run2_tray1.txt,POND,KP_2021-06-22_Air_1,KP,6/22/21,Air,1,379.82377,441.94497,1.39783,0,0.40428
11/12/21 4:25,run2_tray1.txt,POND,KP_2021-06-22_Air_2,KP,6/22/21,Air,2,345.35699,414.3347,1.477,0,0.42052
11/12/21 4:41,run2_tray1.txt,POND,KP_2021-06-22_Air_3,KP,6/22/21,Air,3,352.69817,416.70966,1.09948,0,0.4196
11/12/21 4:56,run2_tray1.txt,POND,O-S_2021-06-22_Air_1,O-S,6/22/21,Air,1,371.12314,426.56264,2.4185,0,0.42183
11/12/21 5:12,run2_tray1.txt,POND,O-S_2021-06-22_Air_2,O-S,6/22/21,Air,2,353.41734,417.84011,0.99953,0,0.42829
11/12/21 5:28,run2_tray1.txt,POND,O-S_2021-06-22_Air_3,O-S,6/22/21,Air,3,339.5639,404.9636,1.09957,0,0.4238
11/12/21 5:44,run2_tray1.txt,POND,O-N_2021-06-22_Air_1,O-N,6/22/21,Air,1,343.2746,418.72757,1.48163,0,0.42269
11/12/21 6:00,run2_tray1.txt,POND,O-N_2021-06-22_Air_2,O-N,6/22/21,Air,2,340.37246,407.84471,0.9881,0,0.41855
11/12/21 6:15,run2_tray1.txt,POND,O-N_2021-06-22_Air_3,O-N,6/22/21,Air,3,347.69448,417.46343,2.09511,0,0.42096
11/12/21 6:31,run2_tray1.txt,POND,DOBA7_2021-06-14_Surface_1,DOBA7,6/14/21,Surface,1,341.38004,410.63409,92.2996,0,0.35235
11/12/21 6:47,run2_tray1.txt,POND,DOBA7_2021-06-14_Surface_2,DOBA7,6/14/21,Surface,2,329.89494,388.14136,71.48354,0,0.35705
11/12/21 7:03,run2_tray1.txt,POND,DOBA7_2021-06-14_Surface_3,DOBA7,6/14/21,Surface,3,263.04975,329.47921,117.86464,0,0.32735
11/12/21 7:19,run2_tray1.txt,POND,OPP-W_2021-06-14_Surface_1,OPP-W,6/14/21,Surface,1,282.07643,352.07658,34.38557,0,0.34812
11/12/21 7:35,run2_tray1.txt,POND,OPP-W_2021-06-14_Surface_2,OPP-W,6/14/21,Surface,2,421.26622,483.304715,42.36759,0,0.31238
11/12/21 7:50,run2_tray1.txt,POND,OPP-W_2021-06-14_Surface_3,OPP-W,6/14/21,Surface,3,560.45601,614.53285,50.34961,0,0.32754
11/12/21 8:06,run2_tray1.txt,POND,OPP-E_2021-06-14_Surface_1,OPP-E,6/14/21,Surface,1,188.86186,264.88991,68.31268,0,0.33683
11/12/21 8:22,run2_tray1.txt,POND,OPP-E_2021-06-14_Surface_2,OPP-E,6/14/21,Surface,2,192.56755,267.42898,47.56945,0,0.34627
11/12/21 8:38,run2_tray1.txt,POND,OPP-E_2021-06-14_Surface_3,OPP-E,6/14/21,Surface,3,177.12935,251.76323,89.7229,0,0.32821
11/12/21 8:54,run2_tray1.txt,POND,ALC_2021-06-15_Surface_1,ALC,6/15/21,Surface,1,124.09013,124.09013,104.10437,104.10437,0.36519
11/12/21 9:10,run2_tray1.txt,POND,ALC_2021-06-15_Surface_2,ALC,6/15/21,Surface,2,89.59254,89.59254,162.18975,162.18975,0.35063
11/12/21 9:25,run2_tray1.txt,POND,ALC_2021-06-15_Surface_3,ALC,6/15/21,Surface,3,91.91658,91.91658,145.99101,145.99101,0.34891
11/12/21 9:41,run2_tray1.txt,POND,LM-ARB_2021-06-15_Surface_1,LM-ARB,6/15/21,Surface,1,3817.518,3594.31255,161.19603,0,0.55188
11/12/21 9:57,run2_tray1.txt,POND,LM-ARB_2021-06-15_Surface_2,LM-ARB,6/15/21,Surface,2,2864.85772,2732.29799,105.29358,0,0.52491
11/12/21 10:13,run2_tray1.txt,POND,LM-ARB_2021-06-15_Surface_3,LM-ARB,6/15/21,Surface,3,3432.35126,3232.36476,135.82565,0,0.54574
11/12/21 10:29,run2_tray1.txt,POND,UM-ARB_2021-06-15_Surface_1,UM-ARB,6/15/21,Surface,1,2670.57022,2549.62658,58.56247,0,0.55276
11/12/21 10:44,run2_tray1.txt,POND,UM-ARB_2021-06-15_Surface_2,UM-ARB,6/15/21,Surface,2,2886.41333,2743.42966,81.97757,0,0.60294
11/12/21 11:00,run2_tray1.txt,POND,UM-ARB_2021-06-15_Surface_3,UM-ARB,6/15/21,Surface,3,3100.61728,2949.99311,101.96863,0,0.58707
11/12/21 11:16,run2_tray1.txt,POND,DOBA5_2021-06-16_Surface_1,DOBA5,6/16/21,Surface,1,190.30838,257.13987,998.85094,1004.06068,0.37754
11/12/21 11:32,run2_tray1.txt,POND,DOBA5_2021-06-16_Surface_2,DOBA5,6/16/21,Surface,2,186.21089,253.95867,1173.15738,1182.15473,0.36896
11/12/21 11:48,run2_tray1.txt,POND,DOBA5_2021-06-16_Surface_3,DOBA5,6/16/21,Surface,3,173.26554,243.58546,988.93447,994.45081,0.37491
11/12/21 12:04,run2_tray1.txt,POND,DOBA4_2021-06-16_Surface_1,DOBA4,6/16/21,Surface,1,712.55383,760.45223,73.88907,0,0.36748
11/12/21 12:19,run2_tray1.txt,POND,DOBA4_2021-06-16_Surface_2,DOBA4,6/16/21,Surface,2,749.78384,800.47616,90.31841,0,0.36578
11/12/21 12:35,run2_tray1.txt,POND,DOBA4_2021-06-16_Surface_3,DOBA4,6/16/21,Surface,3,923.74352,955.00301,144.67717,0,0.326
11/12/21 12:51,run2_tray1.txt,POND,CAP_2021-06-16_Surface_1,CAP,6/16/21,Surface,1,337.66908,406.66987,157.49174,0,0.29789
11/12/21 13:07,run2_tray1.txt,POND,CAP_2021-06-16_Surface_2,CAP,6/16/21,Surface,2,366.77184,427.81248,167.36062,0,0.29379
11/12/21 13:23,run2_tray1.txt,POND,CAP_2021-06-16_Surface_3,CAP,6/16/21,Surface,3,411.81445,480.81975,212.78086,0,0.29008
11/12/21 13:38,run2_tray1.txt,POND,DOBA8_2021-06-17_Surface_1,DOBA8,6/17/21,Surface,1,1055.34317,1084.13287,103.93825,0,0.32353
11/12/21 13:54,run2_tray1.txt,POND,DOBA8_2021-06-17_Surface_2,DOBA8,6/17/21,Surface,2,1139.74362,1144.15098,121.07585,0,0.31742
11/12/21 14:10,run2_tray1.txt,POND,DOBA8_2021-06-17_Surface_3,DOBA8,6/17/21,Surface,3,1251.91584,1250.49158,158.26585,0,0.30062
11/12/21 14:26,run2_tray1.txt,POND,MDT_2021-06-17_Surface_1,MDT,6/17/21,Surface,1,102.77469,102.77469,56.14807,56.14807,0.35319
11/12/21 14:42,run2_tray1.txt,POND,MDT_2021-06-17_Surface_2,MDT,6/17/21,Surface,2,67.7528,67.7528,63.40697,63.40697,0.34516
11/12/21 14:58,run2_tray1.txt,POND,MDT_2021-06-17_Surface_3,MDT,6/17/21,Surface,3,128.95514,203.59697,51.27247,0,0.36465
11/12/21 15:13,run2_tray1.txt,POND,ELV_2021-06-17_Surface_1,ELV,6/17/21,Surface,1,207.08009,274.97899,25.33488,0,0.35562
11/12/21 15:29,run2_tray1.txt,POND,ELV_2021-06-17_Surface_2,ELV,6/17/21,Surface,2,131.96905,203.39694,29.99149,0,0.36027
11/12/21 15:45,run2_tray1.txt,POND,ELV_2021-06-17_Surface_3,ELV,6/17/21,Surface,3,179.93365,248.55749,30.69242,0,0.35098
11/12/21 16:01,run2_tray1.txt,POND,HP_2021-06-18_Surface_1,HP,6/18/21,Surface,1,708.92112,750.05158,41.43001,0,1.40611
11/12/21 16:17,run2_tray1.txt,POND,HP_2021-06-18_Surface_2,HP,6/18/21,Surface,2,710.01832,762.08161,53.89815,0,1.54257
11/12/21 16:33,run2_tray1.txt,POND,HP_2021-06-18_Surface_3,HP,6/18/21,Surface,3,702.83104,749.68476,49.06815,0,1.55498
11/12/21 16:49,run2_tray1.txt,POND,L60-UW_2021-06-18_Surface_1,L60-UW,6/18/21,Surface,1,1060.1482,1085.01316,55.0956,0,1.43652
11/13/21 19:27,run2_tray2.txt,POND,L60-UW_2021-06-18_Surface_2,L60-UW,6/18/21,Surface,2,1211.36847,1221.93982,61.01014,0,1.32425
11/13/21 19:43,run2_tray2.txt,POND,L60-UW_2021-06-18_Surface_3,L60-UW,6/18/21,Surface,3,1335.01977,1344.19836,86.12095,0,1.71855
11/13/21 19:58,run2_tray2.txt,POND,DCSW3_2021-06-21_Surface_1,DCSW3,6/21/21,Surface,1,1453.58007,1427.78018,1367.13033,1383.6462,0.41135
11/13/21 20:14,run2_tray2.txt,POND,DCSW3_2021-06-21_Surface_2,DCSW3,6/21/21,Surface,2,1452.825225,1430.63639,1274.193905,1288.604875,0.425865
11/13/21 20:30,run2_tray2.txt,POND,DCSW3_2021-06-21_Surface_3,DCSW3,6/21/21,Surface,3,1452.07038,1433.4926,1181.25748,1193.56355,0.44038
11/13/21 20:46,run2_tray2.txt,POND,DCSW2_2021-06-21_Surface_1,DCSW2,6/21/21,Surface,1,2355.1727,2257.93799,581.22169,585.94512,2.73906
11/13/21 21:02,run2_tray2.txt,POND,DCSW2_2021-06-21_Surface_2,DCSW2,6/21/21,Surface,2,2757.1627,2620.72627,909.31569,916.63978,2.13093
11/13/21 21:18,run2_tray2.txt,POND,DCSW2_2021-06-21_Surface_3,DCSW2,6/21/21,Surface,3,2240.69343,2157.28247,567.18588,569.95995,2.57552
11/13/21 21:33,run2_tray2.txt,POND,DCSW1_2021-06-21_Surface_1,DCSW1,6/21/21,Surface,1,173.3164,242.28468,179.79858,0,0.78164
11/13/21 21:49,run2_tray2.txt,POND,DCSW1_2021-06-21_Surface_2,DCSW1,6/21/21,Surface,2,134.68738,210.83652,180.35203,0,0.77308
11/13/21 22:05,run2_tray2.txt,POND,DCSW1_2021-06-21_Surface_3,DCSW1,6/21/21,Surface,3,131.11093,200.72631,203.87446,0,0.78573
11/13/21 22:21,run2_tray2.txt,POND,KP_2021-06-22_Surface_1,KP,6/22/21,Surface,1,14477.59084,13318.87671,4867.32195,4959.47707,0.19055
11/13/21 22:37,run2_tray2.txt,POND,KP_2021-06-22_Surface_2,KP,6/22/21,Surface,2,10716.2039,9861.15854,3206.32301,3253.07768,0.25043
11/13/21 22:53,run2_tray2.txt,POND,KP_2021-06-22_Surface_3,KP,6/22/21,Surface,3,14163.98685,13023.03909,4835.45351,4920.52793,0.1908
11/13/21 23:08,run2_tray2.txt,POND,O-S_2021-06-22_Surface_1,O-S,6/22/21,Surface,1,1113.3159,1130.63861,32.14791,0,0.39539
11/13/21 23:24,run2_tray2.txt,POND,O-S_2021-06-22_Surface_2,O-S,6/22/21,Surface,2,1218.52291,1221.13994,31.33214,0,0.39973
11/13/21 23:40,run2_tray2.txt,POND,O-S_2021-06-22_Surface_3,O-S,6/22/21,Surface,3,1402.4964,1394.09851,33.64074,0,0.39651
11/13/21 23:56,run2_tray2.txt,POND,O-N_2021-06-22_Surface_1,O-N,6/22/21,Surface,1,1500.39902,1484.63667,23.28008,0,0.6548
11/14/21 0:12,run2_tray2.txt,POND,O-N_2021-06-22_Surface_2,O-N,6/22/21,Surface,2,1534.97476,1527.01274,25.45742,0,0.67976
11/14/21 0:28,run2_tray2.txt,POND,O-N_2021-06-22_Surface_3,O-N,6/22/21,Surface,3,1540.18283,1515.03745,50.46298,0,0.66902
11/16/21 0:15,run3_tray1.txt,POND,DOBA7_2021-07-12_Air_1,DOBA7,7/12/21,Air,1,370.60571,445.4724,1.59844,0,0.36521
11/16/21 0:30,run3_tray1.txt,POND,DOBA7_2021-07-12_Air_2,DOBA7,7/12/21,Air,2,373.31892,431.18428,0.95236,0,0.36355
11/16/21 0:45,run3_tray1.txt,POND,DOBA7_2021-07-12_Air_3,DOBA7,7/12/21,Air,3,362.10581,433.18575,1.14393,0,0.37368
11/16/21 1:00,run3_tray1.txt,POND,OPP-W_2021-07-12_Air_1,OPP-W,7/12/21,Air,1,400.85291,461.65391,1.06151,0,0.42692
11/16/21 1:16,run3_tray1.txt,POND,OPP-W_2021-07-12_Air_2,OPP-W,7/12/21,Air,2,348.32448,407.79701,1.18497,0,0.42997
11/16/21 1:31,run3_tray1.txt,POND,OPP-W_2021-07-12_Air_3,OPP-W,7/12/21,Air,3,336.25256,402.79354,0.93001,0,0.42709
11/16/21 1:46,run3_tray1.txt,POND,OPP-E_2021-07-12_Air_1,OPP-E,7/12/21,Air,1,351.12329,416.6252,1.11628,0,0.3584
11/16/21 2:02,run3_tray1.txt,POND,OPP-E_2021-07-12_Air_2,OPP-E,7/12/21,Air,2,366.75832,424.82344,1.03208,0,0.369
11/16/21 2:17,run3_tray1.txt,POND,OPP-E_2021-07-12_Air_3,OPP-E,7/12/21,Air,3,374.0431,439.88007,1.41522,0,0.35998
11/16/21 2:32,run3_tray1.txt,POND,LM-ARB_2021-07-13_Air_1,LM-ARB,7/13/21,Air,1,392.50567,444.0213,0.98963,0,0.36488
11/16/21 2:48,run3_tray1.txt,POND,LM-ARB_2021-07-13_Air_2,LM-ARB,7/13/21,Air,2,379.62,448.27713,0.8208,0,0.36292
11/16/21 3:03,run3_tray1.txt,POND,LM-ARB_2021-07-13_Air_3,LM-ARB,7/13/21,Air,3,361.55673,430.34542,1.39032,0,0.34294
11/16/21 3:18,run3_tray1.txt,POND,UM-ARB_2021-07-13_Air_1,UM-ARB,7/13/21,Air,1,418.68403,475.78562,1.09286,0,0.35088
11/16/21 3:34,run3_tray1.txt,POND,UM-ARB_2021-07-13_Air_2,UM-ARB,7/13/21,Air,2,391.53193,453.28911,1.06328,0,0.37014
11/16/21 3:49,run3_tray1.txt,POND,UM-ARB_2021-07-13_Air_3,UM-ARB,7/13/21,Air,3,367.75054,445.09788,0.8063,0,0.35658
11/16/21 4:04,run3_tray1.txt,POND,L60-UW_2021-07-13_Air_1,L60-UW,7/13/21,Air,1,348.79797,418.08531,1.32462,0,0.42986
11/16/21 4:20,run3_tray1.txt,POND,L60-UW_2021-07-13_Air_2,L60-UW,7/13/21,Air,2,391.14313,457.74576,1.2843,0,0.34246
11/16/21 4:35,run3_tray1.txt,POND,L60-UW_2021-07-13_Air_3,L60-UW,7/13/21,Air,3,374.21158,442.29905,1.25805,0,0.35404
11/16/21 4:50,run3_tray1.txt,POND,KP_2021-07-14_Air_1,KP,7/14/21,Air,1,402.6879,475.23073,2.14531,0,0.3712
11/16/21 5:06,run3_tray1.txt,POND,KP_2021-07-14_Air_2,KP,7/14/21,Air,2,383.42226,442.71286,2.29895,0,0.36042
11/16/21 5:21,run3_tray1.txt,POND,KP_2021-07-14_Air_3,KP,7/14/21,Air,3,389.28459,462.37486,1.41998,0,0.36793
11/16/21 5:36,run3_tray1.txt,POND,O-S_2021-07-14_Air_1,O-S,7/14/21,Air,1,330.49286,397.62344,1.16787,0,0.42373
11/16/21 5:52,run3_tray1.txt,POND,O-S_2021-07-14_Air_2,O-S,7/14/21,Air,2,338.35552,403.989,1.04496,0,0.4252
11/16/21 6:07,run3_tray1.txt,POND,O-S_2021-07-14_Air_3,O-S,7/14/21,Air,3,326.67334,398.65345,1.15406,0,0.43091
11/16/21 6:22,run3_tray1.txt,POND,O-N_2021-07-14_Air_1,O-N,7/14/21,Air,1,335.10148,396.59775,1.08411,0,0.41953
11/16/21 6:38,run3_tray1.txt,POND,O-N_2021-07-14_Air_2,O-N,7/14/21,Air,2,384.6368,441.38801,1.42122,0,0.36078
11/16/21 6:53,run3_tray1.txt,POND,O-N_2021-07-14_Air_3,O-N,7/14/21,Air,3,379.54863,436.27107,0.81962,0,0.36578
11/16/21 7:08,run3_tray1.txt,POND,CAP_2021-07-16_Air_1,CAP,7/16/21,Air,1,345.17996,398.77763,1.00564,0,0.41585
11/16/21 7:24,run3_tray1.txt,POND,CAP_2021-07-16_Air_2,CAP,7/16/21,Air,2,333.12321,410.09967,1.06122,0,0.41662
11/16/21 7:39,run3_tray1.txt,POND,CAP_2021-07-16_Air_3,CAP,7/16/21,Air,3,343.24242,404.20907,0.91834,0,0.41691
11/16/21 7:54,run3_tray1.txt,POND,DOBA4_2021-07-16_Air_1,DOBA4,7/16/21,Air,1,341.20027,404.56354,1.06487,0,0.42138
11/16/21 8:10,run3_tray1.txt,POND,DOBA4_2021-07-16_Air_2,DOBA4,7/16/21,Air,2,392.28476,456.5125,1.23189,0,0.36041
11/16/21 8:25,run3_tray1.txt,POND,DOBA4_2021-07-16_Air_3,DOBA4,7/16/21,Air,3,366.31072,432.85407,1.19831,0,0.39839
11/16/21 8:40,run3_tray1.txt,POND,DOBA5_2021-07-16_Air_1,DOBA5,7/16/21,Air,1,400.69576,463.3396,1.62645,0,0.35796
11/16/21 8:56,run3_tray1.txt,POND,DOBA5_2021-07-16_Air_2,DOBA5,7/16/21,Air,2,376.1759,427.83158,1.29962,0,0.3488
11/16/21 9:11,run3_tray1.txt,POND,DOBA5_2021-07-16_Air_3,DOBA5,7/16/21,Air,3,333.58237,394.12667,1.51245,0,0.42388
11/16/21 9:26,run3_tray1.txt,POND,DCSW1_2021-07-19_Air_1,DCSW1,7/19/21,Air,1,543.40956,618.61491,16.85365,0,0.41405
11/16/21 9:42,run3_tray1.txt,POND,DCSW1_2021-07-19_Air_2,DCSW1,7/19/21,Air,2,553.48003,627.85641,23.67643,0,0.4166
11/16/21 9:57,run3_tray1.txt,POND,DCSW1_2021-07-19_Air_3,DCSW1,7/19/21,Air,3,358.67459,428.66132,1.64737,0,0.42422
11/16/21 10:13,run3_tray1.txt,POND,DCSW2_2021-07-19_Air_1,DCSW2,7/19/21,Air,1,440.42303,501.64908,6.83823,0,0.42413
11/16/21 10:28,run3_tray1.txt,POND,DCSW2_2021-07-19_Air_2,DCSW2,7/19/21,Air,2,342.69683,407.94129,1.16603,0,0.41687
11/16/21 10:43,run3_tray1.txt,POND,DCSW2_2021-07-19_Air_3,DCSW2,7/19/21,Air,3,337.61005,402.99553,1.93918,0,0.43235
11/16/21 10:58,run3_tray1.txt,POND,DCSW3_2021-07-19_Air_1,DCSW3,7/19/21,Air,1,410.98405,471.03051,1.15721,0,0.38187
11/16/21 11:14,run3_tray1.txt,POND,DCSW3_2021-07-19_Air_2,DCSW3,7/19/21,Air,2,374.32047,444.21384,0.99912,0,0.36818
11/16/21 11:29,run3_tray1.txt,POND,DCSW3_2021-07-19_Air_3,DCSW3,7/19/21,Air,3,518.17236,582.26899,90.05232,0,0.42435
11/16/21 11:44,run3_tray1.txt,POND,MDT_2021-07-20_Air_1,MDT,7/20/21,Air,1,387.60549,460.92925,1.57052,0,0.434
11/16/21 11:59,run3_tray1.txt,POND,MDT_2021-07-20_Air_2,MDT,7/20/21,Air,2,320.40687,393.71754,1.10917,0,0.43192
11/16/21 12:15,run3_tray1.txt,POND,MDT_2021-07-20_Air_3,MDT,7/20/21,Air,3,315.91677,388.59502,0.86949,0,0.43289
11/16/21 12:30,run3_tray1.txt,POND,DOBA8_2021-07-20_Air_1,DOBA8,7/20/21,Air,1,325.51685,393.33598,0.91855,0,0.43545
11/16/21 12:46,run3_tray1.txt,POND,DOBA8_2021-07-20_Air_2,DOBA8,7/20/21,Air,2,423.73759,478.63436,952.85448,973.75347,0.4245
11/16/21 13:01,run3_tray1.txt,POND,DOBA8_2021-07-20_Air_3,DOBA8,7/20/21,Air,3,341.43485,406.28324,206.40979,0,0.43619
11/16/21 13:16,run3_tray1.txt,POND,ELV_2021-07-20_Air_1,ELV,7/20/21,Air,1,486.71837,549.74759,226.946495,221.285035,0.42615
11/16/21 13:32,run3_tray1.txt,POND,ELV_2021-07-20_Air_2,ELV,7/20/21,Air,2,651.49621,705.67268,436.78821,442.57007,0.4266
11/16/21 13:47,run3_tray1.txt,POND,ELV_2021-07-20_Air_3,ELV,7/20/21,Air,3,321.94053,393.8225,17.10478,0,0.4257
11/16/21 14:02,run3_tray1.txt,POND,ALC_2021-07-21_Air_1,ALC,7/21/21,Air,1,397.10499,454.37152,8.3289,0,0.42936
11/16/21 14:18,run3_tray1.txt,POND,ALC_2021-07-21_Air_2,ALC,7/21/21,Air,2,362.95471,421.26222,1.18181,0,0.42813
11/16/21 14:33,run3_tray1.txt,POND,ALC_2021-07-21_Air_3,ALC,7/21/21,Air,3,544.04722,597.61934,8.95338,0,0.42042
11/16/21 14:48,run3_tray1.txt,POND,HP_2021-07-21_Air_1,HP,7/21/21,Air,1,349.88233,423.35665,2.71301,0,0.4309
11/16/21 15:04,run3_tray1.txt,POND,HP_2021-07-21_Air_2,HP,7/21/21,Air,2,385.35742,441.88722,0.9538,0,0.43752
11/16/21 15:19,run3_tray1.txt,POND,HP_2021-07-21_Air_3,HP,7/21/21,Air,3,367.619875,432.621935,1.833405,0,0.43421
11/16/21 15:34,run3_tray1.txt,POND,DOBA7_2021-07-12_Surface_1,DOBA7,7/12/21,Surface,1,140.68285,205.38976,32.99108,0,0.34886
11/16/21 15:50,run3_tray1.txt,POND,DOBA7_2021-07-12_Surface_2,DOBA7,7/12/21,Surface,2,160.54467,230.32775,34.00814,0,0.35943
11/16/21 16:05,run3_tray1.txt,POND,DOBA7_2021-07-12_Surface_3,DOBA7,7/12/21,Surface,3,135.40647,210.888,30.71756,0,0.35498
11/16/21 16:21,run3_tray1.txt,POND,OPP-W_2021-07-12_Surface_1,OPP-W,7/12/21,Surface,1,5470.25362,5128.53036,142.89607,0,0.32308
11/16/21 16:36,run3_tray1.txt,POND,OPP-W_2021-07-12_Surface_2,OPP-W,7/12/21,Surface,2,5380.43071,5033.83691,66.49002,0,0.32006
11/16/21 16:51,run3_tray1.txt,POND,OPP-W_2021-07-12_Surface_3,OPP-W,7/12/21,Surface,3,3775.72654,3580.72198,148.43586,0,0.3416
11/16/21 17:07,run3_tray1.txt,POND,OPP-E_2021-07-12_Surface_1,OPP-E,7/12/21,Surface,1,199.91507,272.97595,23.31699,0,0.3565
11/16/21 17:22,run3_tray1.txt,POND,OPP-E_2021-07-12_Surface_2,OPP-E,7/12/21,Surface,2,210.34199,289.27238,19.79038,0,0.35628
11/16/21 17:37,run3_tray1.txt,POND,OPP-E_2021-07-12_Surface_3,OPP-E,7/12/21,Surface,3,196.56155,277.84974,20.06318,0,0.35726
11/16/21 17:53,run3_tray1.txt,POND,LM-ARB_2021-07-13_Surface_1,LM-ARB,7/13/21,Surface,1,2301.7583,2219.00691,57.65131,0,0.33717
11/16/21 18:08,run3_tray1.txt,POND,LM-ARB_2021-07-13_Surface_2,LM-ARB,7/13/21,Surface,2,2485.95572,2390.80502,65.19626,0,0.34601
11/16/21 18:23,run3_tray1.txt,POND,LM-ARB_2021-07-13_Surface_3,LM-ARB,7/13/21,Surface,3,2807.40986,2672.08968,102.88587,0,0.33093
11/16/21 18:39,run3_tray1.txt,POND,UM-ARB_2021-07-13_Surface_1,UM-ARB,7/13/21,Surface,1,3320.74946,3155.08837,84.85555,0,0.57701
11/16/21 18:54,run3_tray1.txt,POND,UM-ARB_2021-07-13_Surface_2,UM-ARB,7/13/21,Surface,2,2869.86655,2748.7483,56.64883,0,0.55812
11/16/21 19:10,run3_tray1.txt,POND,UM-ARB_2021-07-13_Surface_3,UM-ARB,7/13/21,Surface,3,3022.93181,2893.58495,67.0956,0,0.58634
11/16/21 19:25,run3_tray1.txt,POND,L60-UW_2021-07-13_Surface_1,L60-UW,7/13/21,Surface,1,5000.28435,4688.05609,4417.48278,4538.41847,0.11717
11/16/21 19:40,run3_tray1.txt,POND,L60-UW_2021-07-13_Surface_2,L60-UW,7/13/21,Surface,2,6241.91681,5822.54107,6651.0043,6835.43072,0.12266
11/16/21 19:56,run3_tray1.txt,POND,L60-UW_2021-07-13_Surface_3,L60-UW,7/13/21,Surface,3,3721.10055,3512.55614,3387.19397,3475.03955,0.14319
11/16/21 20:11,run3_tray1.txt,POND,KP_2021-07-14_Surface_1,KP,7/14/21,Surface,1,7681.58174,7139.92243,3707.32411,3795.25026,0.32555
11/16/21 20:26,run3_tray1.txt,POND,KP_2021-07-14_Surface_2,KP,7/14/21,Surface,2,9429.96416,8735.95467,4502.27417,4613.97446,0.23578
11/16/21 20:42,run3_tray1.txt,POND,KP_2021-07-14_Surface_3,KP,7/14/21,Surface,3,12590.43988,11651.41414,5053.15154,5174.97585,0.25854
11/16/21 20:57,run3_tray1.txt,POND,O-S_2021-07-14_Surface_1,O-S,7/14/21,Surface,1,270.82168,341.93916,72.73717,0,0.35184
11/16/21 21:13,run3_tray1.txt,POND,O-S_2021-07-14_Surface_2,O-S,7/14/21,Surface,2,176.67301,250.68039,64.30384,0,0.41163
11/16/21 21:28,run3_tray1.txt,POND,O-S_2021-07-14_Surface_3,O-S,7/14/21,Surface,3,275.82028,350.99352,54.43193,0,0.36109
11/16/21 21:43,run3_tray1.txt,POND,O-N_2021-07-14_Surface_1,O-N,7/14/21,Surface,1,307.92667,374.71875,38.28882,0,0.65888
11/16/21 21:59,run3_tray1.txt,POND,O-N_2021-07-14_Surface_2,O-N,7/14/21,Surface,2,239.25134,313.15667,36.13731,0,0.70915
11/16/21 22:14,run3_tray1.txt,POND,O-N_2021-07-14_Surface_3,O-N,7/14/21,Surface,3,236.90706,311.35596,39.83602,0,0.74728
11/16/21 22:29,run3_tray1.txt,POND,CAP_2021-07-16_Surface_1,CAP,7/16/21,Surface,1,3626.67595,3440.54573,109.08837,0,0.71909
11/16/21 22:45,run3_tray1.txt,POND,CAP_2021-07-16_Surface_2,CAP,7/16/21,Surface,2,3487.37582,3311.85287,110.76664,0,0.70423
11/16/21 23:00,run3_tray1.txt,POND,CAP_2021-07-16_Surface_3,CAP,7/16/21,Surface,3,3088.08187,2957.02146,93.07878,0,0.73191
11/16/21 23:16,run3_tray1.txt,POND,DOBA4_2021-07-16_Surface_1,DOBA4,7/16/21,Surface,1,119.41315,198.25632,22.18138,0,0.45079
11/16/21 23:31,run3_tray1.txt,POND,DOBA4_2021-07-16_Surface_2,DOBA4,7/16/21,Surface,2,175.01397,254.2648,28.49445,0,0.48786
11/16/21 23:46,run3_tray1.txt,POND,DOBA4_2021-07-16_Surface_3,DOBA4,7/16/21,Surface,3,252.93245,327.57952,24.37111,0,0.40166
11/17/21 0:02,run3_tray1.txt,POND,DOBA5_2021-07-16_Surface_1,DOBA5,7/16/21,Surface,1,145.85272,223.71422,886.58178,896.4797,0.48741
11/17/21 0:17,run3_tray1.txt,POND,DOBA5_2021-07-16_Surface_2,DOBA5,7/16/21,Surface,2,39.35634,0,1061.48751,1080.08711,0.61407
11/17/21 0:33,run3_tray1.txt,POND,DOBA5_2021-07-16_Surface_3,DOBA5,7/16/21,Surface,3,540.21615,580.24944,1259.01432,1289.55625,0.53002
11/17/21 0:48,run3_tray1.txt,POND,DCSW1_2021-07-19_Surface_1,DCSW1,7/19/21,Surface,1,2198.77993,2142.77428,151.11278,0,0.44795
11/17/21 1:03,run3_tray1.txt,POND,DCSW1_2021-07-19_Surface_2,DCSW1,7/19/21,Surface,2,2217.7092,2145.92955,135.82731,0,0.45905
11/17/21 1:19,run3_tray1.txt,POND,DCSW1_2021-07-19_Surface_3,DCSW1,7/19/21,Surface,3,4400.06278,4137.24311,2432.11484,2486.8036,0.3992
11/17/21 1:34,run3_tray1.txt,POND,DCSW2_2021-07-19_Surface_1,DCSW2,7/19/21,Surface,1,392.14634,455.86017,256.25644,0,0.59902
11/17/21 1:50,run3_tray2.txt,POND,DCSW2_2021-07-19_Surface_2,DCSW2,7/19/21,Surface,2,333.85483,407.00386,265.4302,262.80076,0.58387
11/17/21 2:05,run3_tray2.txt,POND,DCSW2_2021-07-19_Surface_3,DCSW2,7/19/21,Surface,3,237.82298,310.04339,157.97311,0,0.62071
11/17/21 2:20,run3_tray2.txt,POND,DCSW3_2021-07-19_Surface_1,DCSW3,7/19/21,Surface,1,833.78247,871.67681,139.5295,0,0.38983
11/17/21 2:36,run3_tray2.txt,POND,DCSW3_2021-07-19_Surface_2,DCSW3,7/19/21,Surface,2,815.56839,860.47147,117.09712,0,0.3905
11/17/21 2:51,run3_tray2.txt,POND,DCSW3_2021-07-19_Surface_3,DCSW3,7/19/21,Surface,3,769.24329,811.87781,133.66549,0,0.39735
11/17/21 3:07,run3_tray2.txt,POND,MDT_2021-07-20_Surface_1,MDT,7/20/21,Surface,1,109.92769,109.92769,35.57524,35.57524,0.36816
11/17/21 3:22,run3_tray2.txt,POND,MDT_2021-07-20_Surface_2,MDT,7/20/21,Surface,2,100.91294,100.91294,39.44683,39.44683,0.36707
11/17/21 3:37,run3_tray2.txt,POND,MDT_2021-07-20_Surface_3,MDT,7/20/21,Surface,3,94.1379,94.1379,39.50259,39.50259,0.36383
11/17/21 3:53,run3_tray2.txt,POND,DOBA8_2021-07-20_Surface_1,DOBA8,7/20/21,Surface,1,423.36429,489.62573,74.10083,0,0.37964
11/17/21 4:08,run3_tray2.txt,POND,DOBA8_2021-07-20_Surface_2,DOBA8,7/20/21,Surface,2,377.48226,449.11898,253.1802,0,0.33837
11/17/21 4:23,run3_tray2.txt,POND,DOBA8_2021-07-20_Surface_3,DOBA8,7/20/21,Surface,3,352.51254,425.27223,120.21335,0,0.32553
11/17/21 4:39,run3_tray2.txt,POND,ELV_2021-07-20_Surface_1,ELV,7/20/21,Surface,1,153.25685,227.05026,25.41558,0,0.44819
11/17/21 4:54,run3_tray2.txt,POND,ELV_2021-07-20_Surface_2,ELV,7/20/21,Surface,2,131.5189,213.39328,75.05539,0,0.44862
11/17/21 5:10,run3_tray2.txt,POND,ELV_2021-07-20_Surface_3,ELV,7/20/21,Surface,3,136.43523,204.32635,26.76185,0,0.43545
11/17/21 5:25,run3_tray2.txt,POND,ALC_2021-07-21_Surface_1,ALC,7/21/21,Surface,1,2520.03503,2418.02019,1062.67697,1078.87456,0.35338
11/17/21 5:40,run3_tray2.txt,POND,ALC_2021-07-21_Surface_2,ALC,7/21/21,Surface,2,1458.29679,1449.15459,463.18003,469.74043,0.3687
11/17/21 5:56,run3_tray2.txt,POND,ALC_2021-07-21_Surface_3,ALC,7/21/21,Surface,3,767.48859,805.51186,394.51386,393.56989,0.36984
11/17/21 6:11,run3_tray2.txt,POND,HP_2021-07-21_Surface_1,HP,7/21/21,Surface,1,1002.66,1041.58055,127.64379,0,1.36326
11/17/21 6:26,run3_tray2.txt,POND,HP_2021-07-21_Surface_2,HP,7/21/21,Surface,2,1159.75685,1172.37627,133.61024,0,1.36844
11/17/21 6:42,run3_tray2.txt,POND,HP_2021-07-21_Surface_3,HP,7/21/21,Surface,3,1083.03988,1112.10082,166.5736,0,1.4085
11/20/21 16:09,run4_box1.txt,POND,UM-ARB_2021-08-02_Air_1,UM-ARB,8/2/21,Air,1,328.91078,397.96101,3.32921,0,0.4468
11/20/21 16:24,run4_box1.txt,POND,UM-ARB_2021-08-02_Air_2,UM-ARB,8/2/21,Air,2,325.90365,398.19877,2.92574,0,0.45466
11/20/21 16:40,run4_box1.txt,POND,UM-ARB_2021-08-02_Air_3,UM-ARB,8/2/21,Air,3,426.911,487.17626,46.86397,0,0.4416
11/20/21 16:55,run4_box1.txt,POND,LM-ARB_2021-08-02_Air_1,LM-ARB,8/2/21,Air,1,470.35921,539.36539,15.62715,0,0.44089
11/20/21 17:11,run4_box1.txt,POND,LM-ARB_2021-08-02_Air_2,LM-ARB,8/2/21,Air,2,359.60367,415.9868,1.29551,0,0.45016
11/20/21 17:27,run4_box1.txt,POND,LM-ARB_2021-08-02_Air_3,LM-ARB,8/2/21,Air,3,337.72999,400.97607,1.76606,0,0.45721
11/20/21 17:42,run4_box1.txt,POND,ALC_2021-08-02_Air_1,ALC,8/2/21,Air,1,360.24332,433.16797,14.03795,0,0.45235
11/20/21 17:58,run4_box1.txt,POND,ALC_2021-08-02_Air_2,ALC,8/2/21,Air,2,347.18685,419.0843,5.75902,0,0.44924
11/20/21 18:13,run4_box1.txt,POND,ALC_2021-08-02_Air_3,ALC,8/2/21,Air,3,372.93955,442.86,1.01623,0,0.44777
11/20/21 18:29,run4_box1.txt,POND,KP_2021-08-03_Air_1,KP,8/3/21,Air,1,316.07581,386.67077,1.00116,0,0.43499
11/20/21 18:44,run4_box1.txt,POND,KP_2021-08-03_Air_2,KP,8/3/21,Air,2,331.83955,397.34088,1.38022,0,0.43597
11/20/21 19:00,run4_box1.txt,POND,ELV_2021-08-03_Air_1,ELV,8/3/21,Air,1,365.34305,433.38083,1.57828,0,0.44381
11/20/21 19:15,run4_box1.txt,POND,ELV_2021-08-03_Air_2,ELV,8/3/21,Air,2,331.41003,395.86012,1.17972,0,0.44436
11/20/21 19:31,run4_box1.txt,POND,O-N_2021-08-03_Air_1,O-N,8/3/21,Air,1,329.20225,392.27133,1.10738,0,0.43801
11/20/21 19:46,run4_box1.txt,POND,O-N_2021-08-03_Air_2,O-N,8/3/21,Air,2,318.60144,396.5082,1.61272,0,0.43332
11/20/21 20:01,run4_box1.txt,POND,O-S_2021-08-03_Air_1,O-S,8/3/21,Air,1,322.48004,392.0973,1.09752,0,0.43538
11/20/21 20:17,run4_box1.txt,POND,O-S_2021-08-03_Air_2,O-S,8/3/21,Air,2,315.3108,391.03388,0.9032,0,0.43448
11/20/21 20:33,run4_box1.txt,POND,OPP-W_2021-08-03_Air_1,OPP-W,8/3/21,Air,1,350.6284,409.84564,1.33773,0,0.44137
11/20/21 20:48,run4_box1.txt,POND,OPP-W_2021-08-03_Air_2,OPP-W,8/3/21,Air,2,326.15492,401.29548,1.34481,0,0.43655
11/20/21 21:04,run4_box1.txt,POND,OPP-E_2021-08-03_Air_1,OPP-E,8/3/21,Air,1,333.95116,397.02925,0.93134,0,0.43772
11/20/21 21:19,run4_box1.txt,POND,OPP-E_2021-08-03_Air_2,OPP-E,8/3/21,Air,2,376.93287,439.95962,2.06129,0,0.429
11/20/21 21:35,run4_box1.txt,POND,DOBA7_2021-08-03_Air_1,DOBA7,8/3/21,Air,1,314.56269,386.83445,0.92082,0,0.42383
11/20/21 21:50,run4_box1.txt,POND,DOBA7_2021-08-03_Air_2,DOBA7,8/3/21,Air,2,331.40442,395.36535,1.02827,0,0.44307
11/20/21 22:06,run4_box1.txt,POND,CAP_2021-08-04_Air_1,CAP,8/4/21,Air,1,365.78685,433.08515,31.92702,0,0.42705
11/20/21 22:22,run4_box1.txt,POND,CAP_2021-08-04_Air_2,CAP,8/4/21,Air,2,334.46233,393.70421,1.51239,0,0.44061
11/20/21 22:37,run4_box1.txt,POND,DCSW1_2021-08-04_Air_1,DCSW1,8/4/21,Air,1,328.03902,391.30504,1.30818,0,0.4328
11/20/21 22:53,run4_box1.txt,POND,DCSW1_2021-08-04_Air_2,DCSW1,8/4/21,Air,2,376.60173,438.07447,1.86017,0,0.43652
11/20/21 23:08,run4_box1.txt,POND,DCSW2_2021-08-04_Air_1,DCSW2,8/4/21,Air,1,467.39166,518.27585,59.50602,0,0.43086
11/20/21 23:24,run4_box1.txt,POND,DCSW2_2021-08-04_Air_2,DCSW2,8/4/21,Air,2,541.18447,590.66981,277.3976,271.88165,0.43429
11/20/21 23:39,run4_box1.txt,POND,DCSW3_2021-08-04_Air_1,DCSW3,8/4/21,Air,1,316.49878,389.98619,1.36746,0,0.43952
11/20/21 23:55,run4_box1.txt,POND,DCSW3_2021-08-04_Air_2,DCSW3,8/4/21,Air,2,425.40905,492.94409,3.7015,0,0.43873
11/21/21 0:10,run4_box1.txt,POND,DOBA5_2021-08-04_Air_1,DOBA5,8/4/21,Air,1,346.29297,417.78785,1.59841,0,0.43642
11/21/21 0:26,run4_box1.txt,POND,DOBA5_2021-08-04_Air_2,DOBA5,8/4/21,Air,2,365.05871,427.38488,1.05939,0,0.4362
11/21/21 0:42,run4_box1.txt,POND,DOBA4_2021-08-04_Air_1,DOBA4,8/4/21,Air,1,439.88274,501.18942,37.39377,0,0.4299
11/21/21 0:57,run4_box1.txt,POND,DOBA4_2021-08-04_Air_2,DOBA4,8/4/21,Air,2,342.45416,412.92074,1.39646,0,0.43991
11/21/21 1:13,run4_box1.txt,POND,L60-UW_2021-08-05_Air_1,L60-UW,8/5/21,Air,1,494.90578,560.88633,1.26614,0,0.42747
11/21/21 1:28,run4_box1.txt,POND,L60-UW_2021-08-05_Air_2,L60-UW,8/5/21,Air,2,308.93848,382.53486,1.02252,0,0.43339
11/21/21 1:44,run4_box1.txt,POND,HP-UW_2021-08-05_Air_1,HP-UW,8/5/21,Air,1,324.81412,385.97775,0.80045,0,0.43875
11/21/21 1:59,run4_box1.txt,POND,HP-UW_2021-08-05_Air_2,HP-UW,8/5/21,Air,2,320.29895,392.56052,1.33494,0,0.43878
11/21/21 2:15,run4_box1.txt,POND,MDT_2021-08-05_Air_1,MDT,8/5/21,Air,1,317.35013,390.25667,1.1105,0,0.4414
11/21/21 2:30,run4_box1.txt,POND,MDT_2021-08-05_Air_2,MDT,8/5/21,Air,2,328.64926,396.54472,0.5656,0,0.43178
11/21/21 2:46,run4_box1.txt,POND,DOBA8_2021-08-05_Air_1,DOBA8,8/5/21,Air,1,330.36162,397.12164,1.11751,0,0.43956
11/21/21 3:02,run4_box1.txt,POND,DOBA8_2021-08-05_Air_2,DOBA8,8/5/21,Air,2,316.09706,379.93798,0.98851,0,0.43998
11/21/21 3:17,run4_box1.txt,POND,UM-ARB_2021-08-02_Surface_1,UM-ARB,8/2/21,Surface,1,1108.56783,1140.45221,45.23304,0,0.56467
11/21/21 3:33,run4_box1.txt,POND,UM-ARB_2021-08-02_Surface_2,UM-ARB,8/2/21,Surface,2,1208.57092,1232.64767,44.97247,0,0.50504
11/21/21 3:48,run4_box1.txt,POND,UM-ARB_2021-08-02_Surface_3,UM-ARB,8/2/21,Surface,3,1757.17627,1743.29376,136.26313,0,0.52834
11/21/21 4:04,run4_box1.txt,POND,LM-ARB_2021-08-02_Surface_1,LM-ARB,8/2/21,Surface,1,738.63702,774.07156,116.15611,0,0.31532
11/21/21 4:19,run4_box1.txt,POND,LM-ARB_2021-08-02_Surface_2,LM-ARB,8/2/21,Surface,2,610.51036,666.70123,53.58468,0,0.34562
11/21/21 4:35,run4_box1.txt,POND,LM-ARB_2021-08-02_Surface_3,LM-ARB,8/2/21,Surface,3,674.57369,720.386395,84.870395,0,0.33047
11/21/21 4:51,run4_box1.txt,POND,ALC_2021-08-02_Surface_1,ALC,8/2/21,Surface,1,1547.32086,1551.48608,316.22538,316.00402,0.34435
11/21/21 5:06,run4_box1.txt,POND,ALC_2021-08-02_Surface_2,ALC,8/2/21,Surface,2,1867.43225,1831.11352,341.98055,340.92431,0.27087
11/21/21 5:22,run4_box1.txt,POND,ALC_2021-08-02_Surface_3,ALC,8/2/21,Surface,3,1774.09355,1748.16519,219.04819,0,0.29118
11/21/21 5:37,run4_box1.txt,POND,KP_2021-08-03_Surface_1,KP,8/3/21,Surface,1,13926.21656,12911.08421,6960.29608,7179.55789,0.17706
11/21/21 5:53,run4_box1.txt,POND,KP_2021-08-03_Surface_2,KP,8/3/21,Surface,2,9295.21163,8642.99987,4798.12232,4936.38444,0.21011
11/21/21 6:08,run4_box1.txt,POND,KP_2021-08-03_Surface_3,KP,8/3/21,Surface,3,13251.89379,12283.28895,6180.58748,6364.57737,0.18651
11/21/21 6:24,run4_box1.txt,POND,ELV_2021-08-03_Surface_1,ELV,8/3/21,Surface,1,2034.556285,1973.610345,138.369445,0,0.327045
11/21/21 6:40,run4_box1.txt,POND,ELV_2021-08-03_Surface_2,ELV,8/3/21,Surface,2,2284.54161,2203.16533,149.85826,0,0.30951
11/21/21 6:55,run4_box1.txt,POND,ELV_2021-08-03_Surface_3,ELV,8/3/21,Surface,3,1784.57096,1744.05536,126.88063,0,0.34458
11/21/21 7:11,run4_box1.txt,POND,O-N_2021-08-03_Surface_1,O-N,8/3/21,Surface,1,90.44867,90.44867,111.51546,111.51546,0.47806
11/21/21 7:26,run4_box1.txt,POND,O-N_2021-08-03_Surface_2,O-N,8/3/21,Surface,2,102.91042,102.91042,100.69118,100.69118,0.48328
11/21/21 7:42,run4_box1.txt,POND,O-N_2021-08-03_Surface_3,O-N,8/3/21,Surface,3,113.56975,113.56975,84.67088,84.67088,0.48209
11/21/21 7:57,run4_box1.txt,POND,O-S_2021-08-03_Surface_1,O-S,8/3/21,Surface,1,115.01956,115.01956,151.98741,151.98741,0.36216
11/21/21 8:13,run4_box1.txt,POND,O-S_2021-08-03_Surface_2,O-S,8/3/21,Surface,2,103.20438,103.20438,161.62848,161.62848,0.34871
11/21/21 8:29,run4_box1.txt,POND,O-S_2021-08-03_Surface_3,O-S,8/3/21,Surface,3,128.44234,204.0992,164.91331,0,0.34828
11/21/21 8:44,run4_box1.txt,POND,OPP-W_2021-08-03_Surface_1,OPP-W,8/3/21,Surface,1,13860.27967,12834.64919,4331.19021,4443.85532,0.15157
11/21/21 9:00,run4_box1.txt,POND,OPP-W_2021-08-03_Surface_2,OPP-W,8/3/21,Surface,2,14022.13881,12989.20709,4093.85388,4199.13654,0.16319
11/21/21 9:15,run4_box1.txt,POND,OPP-W_2021-08-03_Surface_3,OPP-W,8/3/21,Surface,3,11678.3665,10820.14547,2718.47116,2781.05761,0.1898
11/21/21 9:31,run4_box1.txt,POND,OPP-E_2021-08-03_Surface_1,OPP-E,8/3/21,Surface,1,71.65716,71.65716,48.159,48.159,0.33357
11/21/21 9:46,run4_box1.txt,POND,OPP-E_2021-08-03_Surface_2,OPP-E,8/3/21,Surface,2,89.72278,89.72278,40.40064,40.40064,0.34351
11/21/21 10:02,run4_box1.txt,POND,OPP-E_2021-08-03_Surface_3,OPP-E,8/3/21,Surface,3,48.41587,48.41587,40.38661,40.38661,0.33639
11/21/21 10:18,run4_box1.txt,POND,DOBA7_2021-08-03_Surface_1,DOBA7,8/3/21,Surface,1,15.06043,15.06043,48.34269,0,0.40846
11/21/21 10:33,run4_box1.txt,POND,DOBA7_2021-08-03_Surface_2,DOBA7,8/3/21,Surface,2,213.77,285.20326,44.20076,0,0.41552
11/21/21 10:49,run4_box1.txt,POND,DOBA7_2021-08-03_Surface_3,DOBA7,8/3/21,Surface,3,42.35235,42.35235,36.97114,0,0.4081
11/21/21 11:04,run4_box1.txt,POND,CAP_2021-08-04_Surface_1,CAP,8/4/21,Surface,1,6170.8342,5761.75507,2696.60124,2756.822,0.18043
11/21/21 11:20,run4_box1.txt,POND,CAP_2021-08-04_Surface_2,CAP,8/4/21,Surface,2,5809.06411,5437.93146,2301.88922,2351.26598,0.19758
11/21/21 11:35,run4_box1.txt,POND,CAP_2021-08-04_Surface_3,CAP,8/4/21,Surface,3,7052.68132,6573.11363,2934.15597,2991.81109,0.19981
11/21/21 11:51,run4_box1.txt,POND,DCSW1_2021-08-04_Surface_1,DCSW1,8/4/21,Surface,1,783.40095,832.4073,244.60428,0,0.31172
11/21/21 12:07,run4_box1.txt,POND,DCSW1_2021-08-04_Surface_2,DCSW1,8/4/21,Surface,2,623.23098,663.87331,191.68093,0,0.35387
11/21/21 12:22,run4_box1.txt,POND,DCSW1_2021-08-04_Surface_3,DCSW1,8/4/21,Surface,3,703.315965,748.140305,218.142605,0,0.332795
11/21/21 12:38,run4_box1.txt,POND,DCSW2_2021-08-04_Surface_1,DCSW2,8/4/21,Surface,1,1857.14135,1805.34048,2633.48863,2693.13093,0.48072
11/21/21 12:53,run4_box1.txt,POND,DCSW2_2021-08-04_Surface_2,DCSW2,8/4/21,Surface,2,1399.63087,1396.55524,682.5604,690.18274,0.4901
11/21/21 13:09,run4_box1.txt,POND,DCSW2_2021-08-04_Surface_3,DCSW2,8/4/21,Surface,3,1136.21502,1144.58876,461.61714,462.84721,0.49915
11/21/21 13:24,run4_box1.txt,POND,DCSW3_2021-08-04_Surface_1,DCSW3,8/4/21,Surface,1,1820.91324,1778.48097,204.95417,0,0.32862
11/21/21 13:40,run4_box1.txt,POND,DCSW3_2021-08-04_Surface_2,DCSW3,8/4/21,Surface,2,2040.33324,1997.1501,248.9368,0,0.31856
11/21/21 13:56,run4_box1.txt,POND,DCSW3_2021-08-04_Surface_3,DCSW3,8/4/21,Surface,3,1792.67953,1755.70184,187.71305,0,0.33488
11/21/21 14:11,run4_box1.txt,POND,DOBA5_2021-08-04_Surface_1,DOBA5,8/4/21,Surface,1,8.69498,0,2354.30382,2402.71225,0.42112
11/21/21 14:27,run4_box1.txt,POND,DOBA5_2021-08-04_Surface_2,DOBA5,8/4/21,Surface,2,179.28589,244.14193,1495.30176,1524.91418,0.41013
11/21/21 14:42,run4_box1.txt,POND,DOBA5_2021-08-04_Surface_3,DOBA5,8/4/21,Surface,3,-3.09078,0,2545.98025,2606.88835,0.41378
11/21/21 14:58,run4_box1.txt,POND,DOBA4_2021-08-04_Surface_1,DOBA4,8/4/21,Surface,1,4054.33567,3837.5595,1991.55228,2034.05628,0.25853
11/21/21 15:13,run4_box1.txt,POND,DOBA4_2021-08-04_Surface_2,DOBA4,8/4/21,Surface,2,2598.09878,2531.58097,26.9683,0,0.28933
11/21/21 15:29,run4_box1.txt,POND,DOBA4_2021-08-04_Surface_3,DOBA4,8/4/21,Surface,3,2616.43802,2509.68483,18.69829,0,0.29135
11/21/21 15:45,run4_box1.txt,POND,L60-UW_2021-08-05_Surface_1,L60-UW,8/5/21,Surface,1,13511.54783,12520.81874,16180.85131,16868.57916,0.12325
11/21/21 16:00,run4_box1.txt,POND,L60-UW_2021-08-05_Surface_2,L60-UW,8/5/21,Surface,2,13564.51126,12550.14127,20175.96964,21117.18499,0.10216
11/21/21 16:16,run4_box1.txt,POND,L60-UW_2021-08-05_Surface_3,L60-UW,8/5/21,Surface,3,10756.98645,9970.99799,14243.76047,14823.36775,0.25193
11/21/21 16:31,run4_box1.txt,POND,HP-UW_2021-08-05_Surface_1,HP-UW,8/5/21,Surface,1,1950.86567,1899.22219,153.92194,0,1.19496
11/21/21 16:47,run4_box1.txt,POND,HP-UW_2021-08-05_Surface_2,HP-UW,8/5/21,Surface,2,2141.33976,2079.77718,147.39009,0,1.35789
11/21/21 17:03,run4_box1.txt,POND,HP-UW_2021-08-05_Surface_3,HP-UW,8/5/21,Surface,3,1886.2122,1832.7967,108.67167,0,1.1741
11/21/21 17:18,run4_box1.txt,POND,MDT_2021-08-05_Surface_1,MDT,8/5/21,Surface,1,25.20152,25.20152,56.47335,56.47335,0.36826
11/21/21 17:34,run4_box1.txt,POND,MDT_2021-08-05_Surface_2,MDT,8/5/21,Surface,2,56.36099,56.36099,48.05664,48.05664,0.37069
11/21/21 17:49,run4_box1.txt,POND,MDT_2021-08-05_Surface_3,MDT,8/5/21,Surface,3,28.84465,28.84465,57.17541,57.17541,0.36264
11/1/21 14:34,export_20211101_gorsky_run1_box1_box2_seta.txt,POND,OPP-W_2021-06-02_Air_1,OPP-W,6/2/21,Air,1,350.46004,440.45196,1.42824,0,0.45022
11/1/21 14:49,export_20211101_gorsky_run1_box1_box2_seta.txt,POND,OPP-W_2021-06-02_Air_2,OPP-W,6/2/21,Air,2,353.39124,445.27826,1.00071,0,0.38991
11/1/21 15:05,export_20211101_gorsky_run1_box1_box2_seta.txt,POND,OPP-W_2021-06-02_Air_3,OPP-W,6/2/21,Air,3,355.21091,450.57547,1.00429,0,0.37562
11/1/21 15:21,export_20211101_gorsky_run1_box1_box2_seta.txt,POND,OPP-E_2021-06-02_Air_1,OPP-E,6/2/21,Air,1,397.85274,482.8566,0.88783,0,0.37551
11/1/21 15:37,export_20211101_gorsky_run1_box1_box2_seta.txt,POND,OPP-E_2021-06-02_Air_2,OPP-E,6/2/21,Air,2,361.14793,448.23495,1.18974,0,0.37612
11/1/21 15:53,export_20211101_gorsky_run1_box1_box2_seta.txt,POND,OPP-E_2021-06-02_Air_3,OPP-E,6/2/21,Air,3,416.10745,494.4159,1.20425,0,0.38323
11/1/21 16:08,export_20211101_gorsky_run1_box1_box2_seta.txt,POND,DOBA7_2021-06-02_Air_1,DOBA7,6/2/21,Air,1,377.84626,460.23744,0.96348,0,0.38362
11/1/21 16:24,export_20211101_gorsky_run1_box1_box2_seta.txt,POND,DOBA7_2021-06-02_Air_2,DOBA7,6/2/21,Air,2,349.59165,441.21027,1.12828,0,0.37725
11/1/21 16:40,export_20211101_gorsky_run1_box1_box2_seta.txt,POND,DOBA7_2021-06-02_Air_3,DOBA7,6/2/21,Air,3,373.33423,457.90239,1.06564,0,0.38125
11/1/21 16:56,export_20211101_gorsky_run1_box1_box2_seta.txt,POND,UM-ARB_2021-06-03_Air_1,UM-ARB,6/3/21,Air,1,370.85597,448.07876,1.14357,0,0.3818
11/1/21 17:12,export_20211101_gorsky_run1_box1_box2_seta.txt,POND,UM-ARB_2021-06-03_Air_2,UM-ARB,6/3/21,Air,2,358.89756,448.12172,1.2669,0,0.37795
11/1/21 17:28,export_20211101_gorsky_run1_box1_box2_seta.txt,POND,UM-ARB_2021-06-03_Air_3,UM-ARB,6/3/21,Air,3,377.48631,463.33861,0.8713,0,0.37434
11/1/21 17:43,export_20211101_gorsky_run1_box1_box2_seta.txt,POND,LM-ARB_2021-06-03_Air_1,LM-ARB,6/3/21,Air,1,369.27283,459.4682,1.26046,0,0.37287
11/1/21 17:59,export_20211101_gorsky_run1_box1_box2_seta.txt,POND,LM-ARB_2021-06-03_Air_2,LM-ARB,6/3/21,Air,2,358.57367,440.78348,1.10213,0,0.37975
11/1/21 18:15,export_20211101_gorsky_run1_box1_box2_seta.txt,POND,LM-ARB_2021-06-03_Air_3,LM-ARB,6/3/21,Air,3,357.77768,451.97104,1.09685,0,0.38496
11/1/21 18:31,export_20211101_gorsky_run1_box1_box2_seta.txt,POND,CAP_2021-06-07_Air_1,CAP,6/7/21,Air,1,363.34897,446.95341,1.1515,0,0.37651
11/1/21 18:47,export_20211101_gorsky_run1_box1_box2_seta.txt,POND,CAP_2021-06-07_Air_2,CAP,6/7/21,Air,2,374.07308,460.32881,0.97641,0,0.38223
11/1/21 19:02,export_20211101_gorsky_run1_box1_box2_seta.txt,POND,CAP_2021-06-07_Air_3,CAP,6/7/21,Air,3,360.90503,447.35013,0.9759,0,0.38678
11/1/21 19:18,export_20211101_gorsky_run1_box1_box2_seta.txt,POND,DOBA4_2021-06-07_Air_1,DOBA4,6/7/21,Air,1,362.97375,447.07992,1.10524,0,0.39009
11/1/21 19:34,export_20211101_gorsky_run1_box1_box2_seta.txt,POND,DOBA4_2021-06-07_Air_2,DOBA4,6/7/21,Air,2,371.21076,453.30335,1.02653,0,0.38137
11/1/21 19:50,export_20211101_gorsky_run1_box1_box2_seta.txt,POND,DOBA4_2021-06-07_Air_3,DOBA4,6/7/21,Air,3,360.13231,442.63786,1.00063,0,0.37657
11/1/21 20:06,export_20211101_gorsky_run1_box1_box2_seta.txt,POND,DOBA5_2021-06-07_Air_1,DOBA5,6/7/21,Air,1,354.21527,434.88767,0.91487,0,0.37485
11/1/21 20:21,export_20211101_gorsky_run1_box1_box2_seta.txt,POND,DOBA5_2021-06-07_Air_2,DOBA5,6/7/21,Air,2,350.39497,444.74409,0.82559,0,0.379
11/1/21 20:37,export_20211101_gorsky_run1_box1_box2_seta.txt,POND,DOBA5_2021-06-07_Air_3,DOBA5,6/7/21,Air,3,354.07785,442.85887,1.21734,0,0.37037
11/1/21 20:53,export_20211101_gorsky_run1_box1_box2_seta.txt,POND,ALC_2021-06-08_Air_1,ALC,6/8/21,Air,1,389.63867,474.95296,1.01359,0,0.38317
11/1/21 21:09,export_20211101_gorsky_run1_box1_box2_seta.txt,POND,ALC_2021-06-08_Air_2,ALC,6/8/21,Air,2,385.81521,468.68892,1.08483,0,0.37679
11/1/21 21:25,export_20211101_gorsky_run1_box1_box2_seta.txt,POND,ALC_2021-06-08_Air_3,ALC,6/8/21,Air,3,360.70594,474.15639,1.21277,0,0.3806
11/1/21 21:40,export_20211101_gorsky_run1_box1_box2_seta.txt,POND,ELV_2021-06-08_Air_1,ELV,6/8/21,Air,1,374.06561,458.33738,1.1015,0,0.37341
11/1/21 21:56,export_20211101_gorsky_run1_box1_box2_seta.txt,POND,ELV_2021-06-08_Air_2,ELV,6/8/21,Air,2,355.76498,440.78817,0.89231,0,0.37323
11/1/21 22:12,export_20211101_gorsky_run1_box1_box2_seta.txt,POND,ELV_2021-06-08_Air_3,ELV,6/8/21,Air,3,389.21401,472.54254,1.02232,0,0.37877
11/1/21 22:28,export_20211101_gorsky_run1_box1_box2_seta.txt,POND,DCSW1_2021-06-09_Air_1,DCSW1,6/9/21,Air,1,380.8902,466.2176,1.04427,0,0.3739
11/1/21 22:44,export_20211101_gorsky_run1_box1_box2_seta.txt,POND,DCSW1_2021-06-09_Air_2,DCSW1,6/9/21,Air,2,390.33569,474.00566,1.23834,0,0.38843
11/1/21 23:00,export_20211101_gorsky_run1_box1_box2_seta.txt,POND,DCSW1_2021-06-09_Air_3,DCSW1,6/9/21,Air,3,395.18542,477.57306,1.13371,0,0.3821
11/1/21 23:15,export_20211101_gorsky_run1_box1_box2_seta.txt,POND,DCSW2_2021-06-09_Air_1,DCSW2,6/9/21,Air,1,355.99329,445.89209,1.12199,0,0.38249
11/1/21 23:31,export_20211101_gorsky_run1_box1_box2_seta.txt,POND,DCSW2_2021-06-09_Air_2,DCSW2,6/9/21,Air,2,361.62379,443.27433,0.79689,0,0.37648
11/1/21 23:47,export_20211101_gorsky_run1_box1_box2_seta.txt,POND,DCSW2_2021-06-09_Air_3,DCSW2,6/9/21,Air,3,364.31821,448.9136,0.99511,0,0.37661
11/2/21 0:03,export_20211101_gorsky_run1_box1_box2_seta.txt,POND,DCSW3_2021-06-09_Air_1,DCSW3,6/9/21,Air,1,362.77681,449.8937,1.00762,0,0.37401
11/2/21 0:19,export_20211101_gorsky_run1_box1_box2_seta.txt,POND,DCSW3_2021-06-09_Air_2,DCSW3,6/9/21,Air,2,350.19528,441.64761,0.9685,0,0.37865
11/2/21 0:34,export_20211101_gorsky_run1_box1_box2_seta.txt,POND,DCSW3_2021-06-09_Air_3,DCSW3,6/9/21,Air,3,363.6277,449.83981,0.95477,0,0.38161
11/2/21 0:50,export_20211101_gorsky_run1_box1_box2_seta.txt,POND,MDT_2021-06-10_Air_1,MDT,6/10/21,Air,1,385.8064,474.98498,0.9036,0,0.3857
11/2/21 1:06,export_20211101_gorsky_run1_box1_box2_seta.txt,POND,MDT_2021-06-10_Air_2,MDT,6/10/21,Air,2,380.37005,460.39949,1.0355,0,0.38405
11/2/21 1:22,export_20211101_gorsky_run1_box1_box2_seta.txt,POND,MDT_2021-06-10_Air_3,MDT,6/10/21,Air,3,375.36143,459.39518,1.03089,0,0.37629
11/2/21 1:38,export_20211101_gorsky_run1_box1_box2_seta.txt,POND,DOBA8_2021-06-10_Air_1,DOBA8,6/10/21,Air,1,373.21626,456.39983,0.86253,0,0.3777
11/2/21 1:53,export_20211101_gorsky_run1_box1_box2_seta.txt,POND,DOBA8_2021-06-10_Air_2,DOBA8,6/10/21,Air,2,369.62595,456.13938,1.21023,0,0.3821
11/2/21 2:09,export_20211101_gorsky_run1_box1_box2_seta.txt,POND,DOBA8_2021-06-10_Air_3,DOBA8,6/10/21,Air,3,361.06895,450.33025,1.00413,0,0.37899
11/2/21 2:25,export_20211101_gorsky_run1_box1_box2_seta.txt,POND,HP_2021-06-10_Air_1,HP,6/10/21,Air,1,374.31918,462.37374,1.04969,0,0.38215
11/2/21 2:41,export_20211101_gorsky_run1_box1_box2_seta.txt,POND,HP_2021-06-10_Air_2,HP,6/10/21,Air,2,437.56028,519.51928,1.05094,0,0.37786
11/2/21 2:57,export_20211101_gorsky_run1_box1_box2_seta.txt,POND,HP_2021-06-10_Air_3,HP,6/10/21,Air,3,369.5382,452.68913,0.95694,0,0.38149
11/2/21 3:12,export_20211101_gorsky_run1_box1_box2_seta.txt,POND,KP_2021-06-11_Air_1,KP,6/11/21,Air,1,399.64381,484.34081,1.36044,0,0.39199
11/2/21 3:28,export_20211101_gorsky_run1_box1_box2_seta.txt,POND,KP_2021-06-11_Air_2,KP,6/11/21,Air,2,391.61688,472.86742,3.17196,0,0.39095
11/2/21 3:44,export_20211101_gorsky_run1_box1_box2_seta.txt,POND,KP_2021-06-11_Air_3,KP,6/11/21,Air,3,401.83465,485.26077,1.45953,0,0.39706
11/2/21 4:00,export_20211101_gorsky_run1_box1_box2_seta.txt,POND,O-S_2021-06-11_Air_1,O-S,6/11/21,Air,1,383.62863,471.68154,1.78148,0,0.38707
11/2/21 4:16,export_20211101_gorsky_run1_box1_box2_seta.txt,POND,O-S_2021-06-11_Air_2,O-S,6/11/21,Air,2,448.64134,524.41157,1.6635,0,0.38751
11/2/21 4:31,export_20211101_gorsky_run1_box1_box2_seta.txt,POND,O-S_2021-06-11_Air_3,O-S,6/11/21,Air,3,396.2169,482.89487,1.29496,0,0.39518
11/2/21 4:47,export_20211101_gorsky_run1_box1_box2_seta.txt,POND,O-N_2021-06-11_Air_1,O-N,6/11/21,Air,1,365.09391,450.64966,1.09976,0,0.38578
11/2/21 5:03,export_20211101_gorsky_run1_box1_box2_seta.txt,POND,O-N_2021-06-11_Air_2,O-N,6/11/21,Air,2,363.23607,451.01359,1.09361,0,0.38867
11/2/21 5:19,export_20211101_gorsky_run1_box1_box2_seta.txt,POND,O-N_2021-06-11_Air_3,O-N,6/11/21,Air,3,358.93499,448.99951,1.0809,0,0.38698
11/2/21 5:35,export_20211101_gorsky_run1_box1_box2_seta.txt,POND,L60-UW_2021-06-11_Air_1,L60-UW,6/11/21,Air,1,363.12513,448.6676,1.17495,0,0.39584
11/2/21 5:50,export_20211101_gorsky_run1_box1_box2_seta.txt,POND,L60-UW_2021-06-11_Air_2,L60-UW,6/11/21,Air,2,422.40168,503.687,0.99327,0,0.38763
11/2/21 6:06,export_20211101_gorsky_run1_box1_box2_seta.txt,POND,L60-UW_2021-06-11_Air_3,L60-UW,6/11/21,Air,3,360.88661,448.68517,1.02972,0,0.38688
11/2/21 6:22,export_20211101_gorsky_run1_box1_box2_seta.txt,POND,OPP-W_2021-06-02_Surface_1,OPP-W,6/2/21,Surface,1,86.05646,201.34332,123.50486,107.2336,0.49721
11/2/21 6:38,export_20211101_gorsky_run1_box1_box2_seta.txt,POND,OPP-W_2021-06-02_Surface_2,OPP-W,6/2/21,Surface,2,114.49964,221.47241,123.95608,108.02019,0.49683
11/2/21 6:54,export_20211101_gorsky_run1_box1_box2_seta.txt,POND,OPP-W_2021-06-02_Surface_3,OPP-W,6/2/21,Surface,3,63.24906,179.66208,71.58345,55.935,0.51855
11/2/21 7:10,export_20211101_gorsky_run1_box1_box2_seta.txt,POND,OPP-E_2021-06-02_Surface_1,OPP-E,6/2/21,Surface,1,84.55283,210.03925,127.37957,111.829,0.41069
11/2/21 7:26,export_20211101_gorsky_run1_box1_box2_seta.txt,POND,OPP-E_2021-06-02_Surface_2,OPP-E,6/2/21,Surface,2,42.70309,162.31982,112.69504,96.83271,0.43328
11/2/21 7:41,export_20211101_gorsky_run1_box1_box2_seta.txt,POND,OPP-E_2021-06-02_Surface_3,OPP-E,6/2/21,Surface,3,54.43536,171.37186,98.24459,80.06001,0.42983
11/2/21 7:57,export_20211101_gorsky_run1_box1_box2_seta.txt,POND,DOBA7_2021-06-02_Surface_1,DOBA7,6/2/21,Surface,1,85.08371,203.24026,35.64654,11.56519,0.47703
11/2/21 8:13,export_20211101_gorsky_run1_box1_box2_seta.txt,POND,DOBA7_2021-06-02_Surface_2,DOBA7,6/2/21,Surface,2,86.94571,197.26869,43.44735,19.58928,0.47566
11/2/21 8:29,export_20211101_gorsky_run1_box1_box2_seta.txt,POND,DOBA7_2021-06-02_Surface_3,DOBA7,6/2/21,Surface,3,86.01471,200.254475,39.546945,15.577235,0.476345
11/2/21 8:45,export_20211101_gorsky_run1_box1_box2_seta.txt,POND,UM-ARB_2021-06-03_Surface_1,UM-ARB,6/3/21,Surface,1,2546.14604,2346.53814,339.37494,324.58612,0.58235
11/2/21 9:00,export_20211101_gorsky_run1_box1_box2_seta.txt,POND,UM-ARB_2021-06-03_Surface_2,UM-ARB,6/3/21,Surface,2,2292.68779,2129.95651,323.2753,320.62845,0.51481
11/2/21 9:16,export_20211101_gorsky_run1_box1_box2_seta.txt,POND,UM-ARB_2021-06-03_Surface_3,UM-ARB,6/3/21,Surface,3,2129.14918,1986.8244,315.01743,301.75195,0.58602
11/2/21 9:32,export_20211101_gorsky_run1_box1_box2_seta.txt,POND,LM-ARB_2021-06-03_Surface_1,LM-ARB,6/3/21,Surface,1,2158.99385,2008.90783,134.61958,119.23788,0.507
11/2/21 9:48,export_20211101_gorsky_run1_box1_box2_seta.txt,POND,LM-ARB_2021-06-03_Surface_2,LM-ARB,6/3/21,Surface,2,1643.738,1569.64571,128.38233,109.77464,0.42847
11/2/21 10:04,export_20211101_gorsky_run1_box1_box2_seta.txt,POND,LM-ARB_2021-06-03_Surface_3,LM-ARB,6/3/21,Surface,3,1873.47696,1770.57467,155.57824,136.33467,0.43777
11/2/21 10:19,export_20211101_gorsky_run1_box1_box2_seta.txt,POND,CAP_2021-06-07_Surface_1,CAP,6/7/21,Surface,1,3316.60983,3005.01332,485.4859,484.66809,0.27611
11/2/21 10:35,export_20211101_gorsky_run1_box1_box2_seta.txt,POND,CAP_2021-06-07_Surface_2,CAP,6/7/21,Surface,2,3108.87212,2831.48296,412.54901,399.77464,0.28092
11/2/21 10:51,export_20211101_gorsky_run1_box1_box2_seta.txt,POND,CAP_2021-06-07_Surface_3,CAP,6/7/21,Surface,3,2957.13747,2697.01983,373.32984,362.29188,0.28773
11/2/21 11:07,export_20211101_gorsky_run1_box1_box2_seta.txt,POND,DOBA4_2021-06-07_Surface_1,DOBA4,6/7/21,Surface,1,260.62468,359.86608,47.14843,27.12011,0.36475
11/2/21 11:23,export_20211101_gorsky_run1_box1_box2_seta.txt,POND,DOBA4_2021-06-07_Surface_2,DOBA4,6/7/21,Surface,2,257.20714,357.50331,42.81866,20.71973,0.36469
11/2/21 11:39,export_20211101_gorsky_run1_box1_box2_seta.txt,POND,DOBA4_2021-06-07_Surface_3,DOBA4,6/7/21,Surface,3,217.71448,322.73093,52.83157,31.76604,0.36166
11/2/21 11:54,export_20211101_gorsky_run1_box1_box2_seta.txt,POND,DOBA5_2021-06-07_Surface_1,DOBA5,6/7/21,Surface,1,713.16508,762.54675,131.49757,115.03523,0.41341
11/2/21 12:10,export_20211101_gorsky_run1_box1_box2_seta.txt,POND,DOBA5_2021-06-07_Surface_2,DOBA5,6/7/21,Surface,2,788.66778,824.12616,149.96757,132.08753,0.42248
11/2/21 12:26,export_20211101_gorsky_run1_box1_box2_seta.txt,POND,DOBA5_2021-06-07_Surface_3,DOBA5,6/7/21,Surface,3,818.68512,848.48607,204.9244,187.56352,0.42251
11/2/21 12:42,export_20211101_gorsky_run1_box1_box2_seta.txt,POND,ALC_2021-06-08_Surface_1,ALC,6/8/21,Surface,1,104.41379,225.42717,397.9887,392.82716,0.27457
11/2/21 13:25,export_20211101_gorsky_run1_box1_box2_setb.txt,POND,ALC_2021-06-08_Surface_2,ALC,6/8/21,Surface,2,91.68906,211.88503,281.03636,270.23124,0.28931
11/2/21 13:41,export_20211101_gorsky_run1_box1_box2_setb.txt,POND,ALC_2021-06-08_Surface_3,ALC,6/8/21,Surface,3,92.65677,210.32976,308.70013,301.06423,0.29016
11/2/21 13:57,export_20211101_gorsky_run1_box1_box2_setb.txt,POND,ELV_2021-06-08_Surface_1,ELV,6/8/21,Surface,1,209.98241,316.87456,31.57619,9.98761,0.38974
11/2/21 14:13,export_20211101_gorsky_run1_box1_box2_setb.txt,POND,ELV_2021-06-08_Surface_2,ELV,6/8/21,Surface,2,229.22639,329.50102,19.58981,-0.76537,0.3918
11/2/21 14:29,export_20211101_gorsky_run1_box1_box2_setb.txt,POND,ELV_2021-06-08_Surface_3,ELV,6/8/21,Surface,3,269.77326,368.13717,14.75596,-5.9606,0.39115
11/2/21 14:45,export_20211101_gorsky_run1_box1_box2_setb.txt,POND,DCSW1_2021-06-09_Surface_1,DCSW1,6/9/21,Surface,1,86.41211,197.47682,34.17868,14.76208,0.52907
11/2/21 15:00,export_20211101_gorsky_run1_box1_box2_setb.txt,POND,DCSW1_2021-06-09_Surface_2,DCSW1,6/9/21,Surface,2,41.40365,170.47337,40.62043,21.34757,0.54762
11/2/21 15:16,export_20211101_gorsky_run1_box1_box2_setb.txt,POND,DCSW1_2021-06-09_Surface_3,DCSW1,6/9/21,Surface,3,84.99142,203.0458,43.78626,24.40549,0.56767
11/2/21 15:32,export_20211101_gorsky_run1_box1_box2_setb.txt,POND,DCSW2_2021-06-09_Surface_1,DCSW2,6/9/21,Surface,1,75.67238,186.24357,52.37176,32.16043,0.60123
11/2/21 15:48,export_20211101_gorsky_run1_box1_box2_setb.txt,POND,DCSW2_2021-06-09_Surface_2,DCSW2,6/9/21,Surface,2,69.71632,189.16434,55.70943,34.84868,0.63896
11/2/21 16:04,export_20211101_gorsky_run1_box1_box2_setb.txt,POND,DCSW2_2021-06-09_Surface_3,DCSW2,6/9/21,Surface,3,49.06509,162.08944,58.27222,37.71929,0.71421
11/2/21 16:20,export_20211101_gorsky_run1_box1_box2_setb.txt,POND,DCSW3_2021-06-09_Surface_1,DCSW3,6/9/21,Surface,1,117.78285,228.33466,26.94723,6.02445,0.45833
11/2/21 16:35,export_20211101_gorsky_run1_box1_box2_setb.txt,POND,DCSW3_2021-06-09_Surface_2,DCSW3,6/9/21,Surface,2,62.89734,179.30558,37.51037,17.2394,0.47014
11/2/21 16:51,export_20211101_gorsky_run1_box1_box2_setb.txt,POND,DCSW3_2021-06-09_Surface_3,DCSW3,6/9/21,Surface,3,96.22496,211.84169,43.94267,22.10615,0.47977
11/2/21 17:07,export_20211101_gorsky_run1_box1_box2_setb.txt,POND,MDT_2021-06-10_Surface_1,MDT,6/10/21,Surface,1,102.70207,220.56456,72.28899,52.28658,0.35137
11/2/21 17:23,export_20211101_gorsky_run1_box1_box2_setb.txt,POND,MDT_2021-06-10_Surface_2,MDT,6/10/21,Surface,2,115.99569,224.01833,65.6634,43.70221,0.35329
11/2/21 17:39,export_20211101_gorsky_run1_box1_box2_setb.txt,POND,MDT_2021-06-10_Surface_3,MDT,6/10/21,Surface,3,52.11028,171.4234,92.7817,72.30781,0.34219
11/2/21 17:55,export_20211101_gorsky_run1_box1_box2_setb.txt,POND,DOBA8_2021-06-10_Surface_1,DOBA8,6/10/21,Surface,1,1704.64425,1620.28043,75.59502,58.77375,0.34825
11/2/21 18:10,export_20211101_gorsky_run1_box1_box2_setb.txt,POND,DOBA8_2021-06-10_Surface_2,DOBA8,6/10/21,Surface,2,1912.79759,1802.90305,95.50878,76.90486,0.34288
11/2/21 18:26,export_20211101_gorsky_run1_box1_box2_setb.txt,POND,DOBA8_2021-06-10_Surface_3,DOBA8,6/10/21,Surface,3,2103.26656,1970.93706,110.41834,96.11039,0.33189
11/2/21 18:42,export_20211101_gorsky_run1_box1_box2_setb.txt,POND,HP_2021-06-10_Surface_1,HP,6/10/21,Surface,1,1663.56074,1584.54866,126.86626,112.80674,1.05738
11/2/21 18:58,export_20211101_gorsky_run1_box1_box2_setb.txt,POND,HP_2021-06-10_Surface_2,HP,6/10/21,Surface,2,1741.9171,1650.87978,143.11955,129.30755,1.10624
11/2/21 19:14,export_20211101_gorsky_run1_box1_box2_setb.txt,POND,HP_2021-06-10_Surface_3,HP,6/10/21,Surface,3,2095.65135,1958.59564,177.11372,159.96093,1.21969
11/2/21 19:29,export_20211101_gorsky_run1_box1_box2_setb.txt,POND,KP_2021-06-11_Surface_1,KP,6/11/21,Surface,1,14392.00627,12515.88948,3038.4133,3082.09913,0.23446
11/2/21 19:45,export_20211101_gorsky_run1_box1_box2_setb.txt,POND,KP_2021-06-11_Surface_2,KP,6/11/21,Surface,2,15668.59019,13595.13613,3584.21051,3636.56957,0.22555
11/2/21 20:01,export_20211101_gorsky_run1_box1_box2_setb.txt,POND,KP_2021-06-11_Surface_3,KP,6/11/21,Surface,3,17946.9426,15568.43278,4985.46404,5068.70597,0.1738
11/2/21 20:17,export_20211101_gorsky_run1_box1_box2_setb.txt,POND,O-S_2021-06-11_Surface_1,O-S,6/11/21,Surface,1,684.1774,737.36567,50.77652,27.78695,0.35908
11/2/21 20:33,export_20211101_gorsky_run1_box1_box2_setb.txt,POND,O-S_2021-06-11_Surface_2,O-S,6/11/21,Surface,2,624.92116,680.57507,43.78306,26.18191,0.3643
11/2/21 20:48,export_20211101_gorsky_run1_box1_box2_setb.txt,POND,O-S_2021-06-11_Surface_3,O-S,6/11/21,Surface,3,645.98245,696.38549,36.88605,14.27431,0.36014
11/2/21 21:04,export_20211101_gorsky_run1_box1_box2_setb.txt,POND,O-N_2021-06-11_Surface_1,O-N,6/11/21,Surface,1,557.99053,629.71269,21.46429,-4.08366,0.51072
11/2/21 21:20,export_20211101_gorsky_run1_box1_box2_setb.txt,POND,O-N_2021-06-11_Surface_2,O-N,6/11/21,Surface,2,528.72379,599.93452,22.51833,0.57271,0.53053
11/2/21 21:36,export_20211101_gorsky_run1_box1_box2_setb.txt,POND,O-N_2021-06-11_Surface_3,O-N,6/11/21,Surface,3,520.59851,587.63137,26.81395,4.84292,0.56466
11/2/21 21:52,export_20211101_gorsky_run1_box1_box2_setb.txt,POND,L60-UW_2021-06-11_Surface_1,L60-UW,6/11/21,Surface,1,870.9012,899.49722,1011.65991,1016.10003,0.30697
11/2/21 22:08,export_20211101_gorsky_run1_box1_box2_setb.txt,POND,L60-UW_2021-06-11_Surface_2,L60-UW,6/11/21,Surface,2,427.95668,512.51451,1694.3596,1717.34304,0.26098
11/2/21 22:23,export_20211101_gorsky_run1_box1_box2_setb.txt,POND,L60-UW_2021-06-11_Surface_3,L60-UW,6/11/21,Surface,3,1837.85886,1744.67745,1907.35917,1928.26771,0.25503
11/7/21 1:52,export_20211105_gorsky_run4_box2.txt,POND,DOBA8-UW_2021-08-05_Surface_1,DOBA8-UW,8/5/21,Surface,1,-22.07128,63.90577,91.68293,91.56392,0.3287
11/7/21 2:08,export_20211105_gorsky_run4_box2.txt,POND,DOBA8-UW_2021-08-05_Surface_2,DOBA8-UW,8/5/21,Surface,2,5.85607,87.65669,82.36113,79.22402,0.33
11/7/21 2:23,export_20211105_gorsky_run4_box2.txt,POND,DOBA8-UW_2021-08-05_Surface_3,DOBA8-UW,8/5/21,Surface,3,-10.29284,74.87296,103.39113,104.53108,0.32245