DATE,pond,Depth,Temp_C,DO_Percent,DO_mgL,Conductivity
6/2/21,OPP-W,0,23.9,158.4,13.34,1
6/2/21,OPP-W,0.25,22,174.2,15.47,372
6/2/21,OPP-W,0.5,19.9,176,16.02,364.3
6/2/21,OPP-W,0.75,18.4,96.1,9,359.3
6/2/21,OPP-W,1,15,3.4,0.34,374.6
6/2/21,OPP-W,1.25,12.2,2.1,0.22,370.4
6/2/21,OPP-W,1.5,11.9,1.2,0.12,363
6/2/21,OPP-W,1.75,11.3,1,0.1,357.7
6/2/21,OPP-W,2,11,0.7,0.08,361.6
6/2/21,OPP-E,0,21.5,133,11.75,183.3
6/2/21,OPP-E,0.25,20.1,146.2,13.25,183
6/2/21,OPP-E,0.5,18.6,141.6,13.25,183.4
6/2/21,OPP-E,0.75,15.8,48.6,4.8,191.2
6/2/21,OPP-E,1,14.1,6,0.67,196.3
6/2/21,DOBA7,0,25.9,131.5,10.77,0.24
6/2/21,DOBA7,0.25,25.5,133.8,10.97,547
6/2/21,DOBA7,0.5,22.9,136.3,11.47,563
6/2/21,DOBA7,0.75,19.8,119.1,10.81,554
6/2/21,DOBA7,0.1,17.4,91.1,8.66,545
6/2/21,DOBA7,1.25,15.6,44.8,4.49,544
6/2/21,DOBA7,1.5,13.5,5.2,0.53,538
6/3/21,LM-ARB,0,22.3,79.6,6.92,0.1
6/3/21,LM-ARB,0.25,22.3,82.7,7.17,831
6/3/21,UM-ARB,0,20.4,108,9.72,0.2
6/3/21,UM-ARB,0.25,20.2,107.2,9.69,814
6/3/21,UM-ARB,0.5,20,103.2,9.34,827
6/3/21,UM-ARB,0.75,19.8,92.5,8.41,824
6/7/21,CAP,0,26.2,39.2,3.16,0.1
6/7/21,CAP,0.25,26.3,38.9,3.14,350.2
6/7/21,CAP,0.5,26.3,39.1,3.15,348
6/7/21,CAP,0.75,26.2,38.9,3.13,348.3
6/7/21,CAP,1,26.1,32.1,2.61,348.3
6/7/21,DOBA4,0,25.8,90.9,7.39,0.2
6/7/21,DOBA4,0.25,25.8,90.9,7.39,288
6/7/21,DOBA4,0.5,25.7,91.3,7.44,288.3
6/7/21,DOBA4,0.75,25.3,89.4,7.34,288.1
6/7/21,DOBA4,1,24.4,83,6.94,291.4
6/7/21,DOBA4,1.25,22.3,81.7,7.11,296.8
6/7/21,DOBA4,1.5,18.8,3.8,0.4,303.2
6/7/21,DOBA5,0,27.9,99,7.78,376
6/7/21,DOBA5,0.25,27.9,99,7.75,377.3
6/7/21,DOBA5,0.5,27.4,86.7,6.45,380.1
6/7/21,DOBA5,0.75,25.8,27.8,2.3,380
6/7/21,DOBA5,1,24.1,10.8,0.9,381.5
6/7/21,DOBA5,1.25,20.8,3.7,0.33,377.6
6/7/21,DOBA5,1.5,17.5,1.2,0.11,386.6
6/7/21,DOBA5,1.75,17.1,0.5,0.05,386
6/8/21,ALC,0,24.2,64.2,5.42,0.2
6/8/21,ALC,0.25,24.2,62.3,5.25,1349
6/8/21,ALC,0.5,23.8,28,2.36,1385
6/8/21,ELV,0,27.1,106.3,8.43,4.7
6/8/21,ELV,0.25,26.6,105.2,8.39,5.9
6/8/21,ELV,0.5,25.9,100.1,8.12,567
6/8/21,ELV,0.75,25.5,98.2,8.03,566
6/8/21,ELV,1,24.9,95.6,7.91,563
6/8/21,ELV,1.25,23.8,100.7,8.49,564
6/8/21,ELV,1.5,22.4,90.5,7.86,560
6/8/21,ELV,1.75,21.1,61.6,5.56,562
6/8/21,ELV,2,18,23.1,2.18,571
6/8/21,ELV,2.25,18.1,10,0.93,554
6/8/21,ELV,2.5,15.6,1.4,0.14,566
6/8/21,ELV,2.75,14.6,0.7,0.07,569
6/9/21,DCSW1,0,26.9,154.2,12.31,0.2
6/9/21,DCSW1,0.25,26,114,9.2,354
6/9/21,DCSW1,0.5,25.2,54.7,4.47,385.2
6/9/21,DCSW1,0.75,23.1,72,6.17,391
6/9/21,DCSW1,1,19.5,90.9,8.37,373.1
6/9/21,DCSW1,1.25,17.3,51,4.9,341.6
6/9/21,DCSW1,1.5,15.7,22,2.06,333.8
6/9/21,DCSW2,0,27.3,201.6,16.09,0.2
6/9/21,DCSW2,0.25,25.7,183.3,14.88,557
6/9/21,DCSW2,0.5,24.1,126.5,10.63,574
6/9/21,DCSW2,0.75,21.3,149.6,13.2,627
6/9/21,DCSW2,1,18,95.1,8.96,642
6/9/21,DCSW2,1.25,15.6,22.1,2.17,695
6/9/21,DCSW2,1.5,14.3,11.5,1.15,775
6/9/21,DCSW3,0,28.7,148.7,11.5,1.7
6/9/21,DCSW3,0.25,27.9,152.9,12.02,578
6/9/21,DCSW3,0.5,25.8,186.3,15.2,581
6/9/21,DCSW3,0.75,23.4,205.8,17.59,554
6/9/21,DCSW3,1,21.5,172.4,15.15,550
6/9/21,DCSW3,1.25,17.8,138.5,13.14,547
6/9/21,DCSW3,1.5,17.4,110.1,10.53,521
6/9/21,DCSW3,1.75,17,95.5,9.2,524
6/10/21,MDT,0,28.1,117.1,9.15,0.1
6/10/21,MDT,0.25,28.2,117.9,9.2,344.9
6/10/21,MDT,0.5,28,121.6,9.5,345.7
6/10/21,MDT,0.75,27.9,131.8,10.32,345.8
6/10/21,MDT,1,27.8,114.8,9.01,345.7
6/10/21,MDT,1.25,27.6,111.4,8.76,345.3
6/10/21,DOBA8,0,28.8,58.8,4.57,1.7
6/10/21,DOBA8,0.25,28.6,58.6,4.54,271.1
6/10/21,DOBA8,0.5,28.1,59.9,4.68,270.6
6/10/21,DOBA8,0.75,27.6,51,4.02,271.1
6/10/21,DOBA8,1,26.8,38.5,3.08,272.9
6/10/21,DOBA8,1.25,24.6,25.8,2.2,268.7
6/10/21,DOBA8,1.5,22.9,15.8,1.35,259.1
6/10/21,DOBA8,1.75,18.5,4.7,0.44,265.3
6/10/21,HP-UW,0,27.1,161.8,12.08,0.8
6/10/21,HP-UW,0.25,26.7,157.8,12.59,1537
6/10/21,HP-UW,0.5,25.5,185.1,15.1,1530
6/10/21,HP-UW,0.75,24.3,170.7,14.12,1577
6/10/21,HP-UW,1,23.7,151.1,12.75,1627
6/10/21,HP-UW,1.25,22.5,103.3,8.93,1644
6/10/21,HP-UW,1.5,21.5,27.1,2.42,1639
6/10/21,HP-UW,1.75,21,10.3,0.9,1611
6/11/21,KP,0,23.8,9.2,0.78,0.3
6/11/21,KP,0.25,23.5,2.6,0.21,178.3
6/11/21,KP,0.5,20,0.9,0.08,204.5
6/11/21,KP,0.75,17.3,0.6,0.06,253.6
6/11/21,O-S,0,29.5,127.9,9.74,1.7
6/11/21,O-S,0.25,29.3,128,9.78,672
6/11/21,O-S,0.5,28.6,86.5,6.69,672
6/11/21,O-S,0.75,28.2,57.5,4.45,673
6/11/21,O-S,1,27.6,26.6,2.08,683
6/11/21,O-N,0,31.1,202.4,15.01,4.9
6/11/21,O-N,0.25,29.4,197,15.03,677
6/11/21,O-N,0.5,28.3,140,10.98,677
6/11/21,O-N,0.75,27.4,65.5,5.18,690
6/11/21,O-N,1,26.1,6.1,0.49,718
6/11/21,L60-UW,0,32.4,151,11.1,3.9
6/11/21,L60-UW,0.25,27.4,73.3,5.79,1295
6/11/21,L60-UW,0.5,24.8,5.6,0.46,1248
6/11/21,L60-UW,0.75,22,2.6,0.22,1304
6/11/21,L60-UW,1,19.3,1.8,0.16,1372
6/14/21,DOBA7,0,25,79,6.52,0.2
6/14/21,DOBA7,0.25,25,78.1,6.44,625
6/14/21,DOBA7,0.5,25,74.7,6.16,625
6/14/21,DOBA7,0.75,24.9,70.1,5.79,625
6/14/21,DOBA7,1,24.8,59.8,4.88,628
6/14/21,DOBA7,1.25,24.4,25.2,2.09,629
6/14/21,OPP-W,0,25.9,158.7,12.85,3.7
6/14/21,OPP-W,0.25,25.5,133.9,11.07,389.7
6/14/21,OPP-W,0.5,24.7,23.3,1.92,389.5
6/14/21,OPP-W,0.75,24.3,2.9,0.24,390.4
6/14/21,OPP-W,1,22.2,2,0.17,405.3
6/14/21,OPP-W,1.25,17.9,1.3,0.12,415.8
6/14/21,OPP-W,1.5,16.3,0.8,0.08,398.3
6/14/21,OPP-W,1.75,14.5,0.6,0.06,402.8
6/14/21,OPP-W,2,12.8,0.5,0.05,425.2
6/14/21,OPP-W,2.25,12.3,0.3,0.03,439.5
6/14/21,OPP-E,0,27,139.3,11.09,0.2
6/14/21,OPP-E,0.25,27,138.5,11.05,194.6
6/14/21,OPP-E,0.5,26.3,115.2,9.32,195.5
6/14/21,OPP-E,0.75,25.5,63.4,5.21,195.8
6/14/21,OPP-E,1,25.3,24,1.97,196.9
6/14/21,OPP-E,1.25,24.7,2.6,0.22,201.3
6/15/21,ALC,0,27.1,162.4,12.95,0.2
6/15/21,ALC,0.25,23.1,77.5,6.6,1625
6/15/21,ALC,0.5,22,45.1,3.92,1535
6/15/21,ALC,0.75,21.9,42.8,3.72,1519
6/15/21,LM-ARB,0,24.2,43,3.59,0.3
6/15/21,LM-ARB,0.25,24.4,39.8,3.32,952
6/15/21,LM-ARB,0.5,24.4,35.4,2.96,955
6/15/21,UM-ARB,0,25.8,115.8,9.46,0.1
6/15/21,UM-ARB,0.25,25.4,105.4,8.54,954
6/15/21,UM-ARB,0.5,25,77.2,6.37,948
6/15/21,UM-ARB,0.75,24.9,62.2,5.12,947
6/15/21,UM-ARB,1,24.8,47.1,3.9,947
6/16/21,DOBA5,0,23.9,79.2,6.68,0.2
6/16/21,DOBA5,0.25,23.9,81.6,6.84,355.1
6/16/21,DOBA5,0.5,23.9,80.1,6.76,355.4
6/16/21,DOBA5,0.75,23.9,89.1,7.49,355.4
6/16/21,DOBA5,1,23.8,66.4,6.14,356
6/16/21,DOBA5,1.25,23.8,47,3.99,356.6
6/16/21,DOBA5,1.5,22.6,6.3,0.62,366.8
6/16/21,DOBA5,1.75,19.3,1.4,0.12,393
6/16/21,DOBA5,2,17.2,0.8,0.08,418.2
6/16/21,DOBA4,0,24,87.8,7.38,4.8
6/16/21,DOBA4,0.25,24.1,88.3,7.41,305.1
6/16/21,DOBA4,0.5,23.6,84.8,7.18,306
6/16/21,DOBA4,0.75,23.3,69,5.88,302.8
6/16/21,DOBA4,1,23,54.4,4.69,302.9
6/16/21,DOBA4,1.25,22.9,39.3,3.39,302.9
6/16/21,CAP,0,25.8,74.3,6.04,13.8
6/16/21,CAP,0.25,25.9,74.4,6.04,372.8
6/16/21,CAP,0.5,25.5,76.5,6.28,371.3
6/16/21,CAP,0.75,25,81.7,6.73,369.2
6/16/21,CAP,1,24.9,81,6.71,365.5
6/17/21,DOBA8,0,25.3,70,5.74,11.9
6/17/21,DOBA8,0.25,25.3,69.1,5.68,275.9
6/17/21,DOBA8,0.5,25.2,68.1,5.61,276.3
6/17/21,DOBA8,0.75,25,66.8,5.52,275.9
6/17/21,DOBA8,1,24.9,60.2,4.99,275.4
6/17/21,DOBA8,1.25,24.8,64,5.3,275.1
6/17/21,DOBA8,1.5,24.5,40.1,3.34,275
6/17/21,DOBA8,1.75,23.2,2.5,0.22,282
6/17/21,MDT,0,25.5,156.5,12.82,0.2
6/17/21,MDT,0.25,25.5,157.3,12.88,363.9
6/17/21,MDT,0.5,25.4,159,13.04,365.8
6/17/21,MDT,0.75,24.8,166.3,13.79,367.4
6/17/21,MDT,1,24.5,167.4,13.94,367
6/17/21,MDT,1.25,24.4,159.4,13.31,366.7
6/17/21,ELV,0,24.6,100.8,8.38,0.2
6/17/21,ELV,0.25,24.7,100.5,8.33,575
6/17/21,ELV,0.5,24.6,101.7,8.45,574
6/17/21,ELV,0.75,24.6,102.3,8.5,572
6/17/21,ELV,1,24.5,97.2,8.08,572
6/17/21,ELV,1.25,24.5,91.5,7.62,573
6/17/21,ELV,1.5,24.5,91.9,7.67,574
6/17/21,ELV,1.75,24.4,79.6,6.63,574
6/17/21,ELV,2,23.9,6.3,0.53,575
6/17/21,ELV,2.25,22.9,1.9,0.16,579
6/17/21,ELV,2.5,19.1,0.9,0.08,611
6/18/21,HP-UW,0,23.4,89.5,7.65,8.8
6/18/21,HP-UW,0.25,23.2,90.4,7.71,386.1
6/18/21,HP-UW,0.5,23.1,87.4,7.48,397.2
6/18/21,HP-UW,0.75,22.2,81,6.99,455.6
6/18/21,HP-UW,1,22.2,79.4,6.9,538
6/18/21,HP-UW,1.25,22.2,70.5,6.12,725
6/18/21,HP-UW,1.5,22.3,38.1,3.3,1122
6/18/21,HP-UW,1.75,22.2,17.1,1.49,1420
6/18/21,L60-UW,0,22.7,63,5.44,0.2
6/18/21,L60-UW,0.25,22.4,46,4,226.4
6/18/21,L60-UW,0.5,22,17.3,1.5,488
6/18/21,L60-UW,0.75,21.5,2.8,0.24,1206
6/18/21,L60-UW,1,20.3,2.3,0.2,1299
6/18/21,L60-UW,1.25,19.4,0.1,0.08,1374
6/21/21,DCSW-3,0,22.2,22.5,1.96,0.2
6/21/21,DCSW-3,0.25,22.2,18.6,1.62,400
6/21/21,DCSW-3,0.5,22.2,18.5,1.61,400.2
6/21/21,DCSW-3,0.75,22.2,17.4,1.51,403.4
6/21/21,DCSW-3,1,22.2,17.6,1.53,403.1
6/21/21,DCSW-3,1.25,22.2,16.9,1.47,404.5
6/21/21,DCSW-3,1.5,22.2,16,1.38,404.3
6/21/21,DCSW-3,1.75,21.3,2,0.18,419.4
6/21/21,DCSW-3,2,19.5,1.2,0.11,565
6/21/21,DCSW-2,0,22.3,20.3,1.76,0.2
6/21/21,DCSW-2,0.25,22.4,19.5,1.69,376.2
6/21/21,DCSW-2,0.5,22.2,15.9,1.39,378.7
6/21/21,DCSW-2,0.75,22,10.8,0.96,378.6
6/21/21,DCSW-2,1,21.9,6.1,0.54,378.6
6/21/21,DCSW-2,1.25,21.7,1.9,0.16,380
6/21/21,DCSW-2,1.5,20.1,0.1,0.01,415.6
6/21/21,DCSW-1,0,22.6,45.2,3.9,3.5
6/21/21,DCSW-1,0.25,22.6,45.2,3.9,213
6/21/21,DCSW-1,0.5,22.6,45.2,3.89,213.6
6/21/21,DCSW-1,0.75,22.6,44.5,3.85,213.7
6/21/21,DCSW-1,1,22.6,42,3.65,214
6/21/21,DCSW-1,1.25,22.2,30.9,2.69,222.9
6/21/21,DCSW-1,1.5,21.4,5.6,0.48,236.3
6/21/21,DCSW-1,1.75,19.5,0.8,0.07,329.2
6/22/21,KP,0,20.9,26.2,2.34,2.3
6/22/21,KP,0.25,18.8,19.4,1.81,178.4
6/22/21,KP,0.5,18.2,14.8,1.4,174.7
6/22/21,KP,0.75,17.9,12.3,1.17,175
6/22/21,KP,1,18,0.6,0.06,196.5
6/22/21,O-S,0,23.3,61.9,5.25,0.2
6/22/21,O-S,0.25,22.8,47.8,4.11,494.1
6/22/21,O-S,0.5,22,38.6,3.37,491.2
6/22/21,O-S,0.75,21.5,31.8,2.8,491.2
6/22/21,O-S,1,20.8,28.6,2.56,491.5
6/22/21,O-N,0,21.7,52.4,4.61,0.5
6/22/21,O-N,0.25,21.7,51.9,4.56,465.5
6/22/21,O-N,0.5,21.7,51.8,4.55,471.6
6/22/21,O-N,0.75,21.7,51.3,4.51,471.7
6/22/21,O-N,1,21.6,46.1,4.06,472.2
6/29/21,OPP-W,0,24.2,21.3,1.79,4.6
6/29/21,OPP-W,0.25,24.1,11.2,0.94,131.3
6/29/21,OPP-W,0.5,24.1,6.5,0.55,131.5
6/29/21,OPP-W,0.75,23.8,3.2,0.27,131
6/29/21,OPP-W,1,22.9,0.8,0.07,118.8
6/29/21,OPP-W,1.25,22.6,0.6,0.05,128.4
6/29/21,OPP-W,1.5,21.4,0.4,0.04,172.3
6/29/21,OPP-W,1.75,20.2,0.3,0.03,200
6/29/21,OPP-W,2,18.5,0.2,0.02,253.6
6/29/21,OPP-W,2.25,17.3,0.3,0.02,302.4
6/29/21,OPP-W,2.5,17.6,0.1,0.01,342
6/29/21,HP-UW,0,23.2,71.7,6.13,1.6
6/29/21,HP-UW,0.25,23.2,70.8,6.05,445.2
6/29/21,HP-UW,0.5,22.1,65.7,5.73,399.8
6/29/21,HP-UW,0.75,21.7,62.9,5.53,373.2
6/29/21,HP-UW,1,21.9,67.4,5.89,967
6/29/21,HP-UW,1.25,21.8,67.7,5.93,1154
6/29/21,HP-UW,1.5,21.6,52.5,3.49,1308
6/29/21,HP-UW,1.75,21.3,46,4.04,1392
6/29/21,OPP-E,0,24.3,72.8,6.09,0.2
6/29/21,OPP-E,0.25,24.4,74.4,6.21,181.8
6/29/21,OPP-E,0.5,24.4,69.3,8.79,183.8
6/29/21,OPP-E,0.75,24.3,34.5,2.89,185.7
6/29/21,OPP-E,1,24,2.3,0.19,190.8
6/29/21,OPP-E,1.25,23.7,1.5,0.12,192.7
6/29/21,OPP-E,1.5,22.5,1,0.08,197.9
6/29/21,OPP-E,1.75,21.3,0.8,0.08,206.8
6/29/21,DOBA7,0,24,59.4,5,3.1
6/29/21,DOBA7,0.25,24.1,59.5,5,195.5
6/29/21,DOBA7,0.5,24,58,4.88,195.2
6/29/21,DOBA7,0.75,24,55,4.63,194.7
6/29/21,DOBA7,1,24,54.5,4.59,192
6/29/21,DOBA7,1.25,24,53.4,4.5,190.6
6/29/21,DOBA7,1.5,24,54,4.55,191.3
6/29/21,DOBA7,1.75,24,53.8,4.53,190.4
6/29/21,DOBA7,2,23.9,50.5,4.26,182.2
6/30/21,DOBA8,0,25.6,102.8,8.42,2.5
6/30/21,DOBA8,0.25,25.1,95.6,7.88,109
6/30/21,DOBA8,0.5,24.5,111,9.24,107.6
6/30/21,DOBA8,0.75,24.3,110,9.24,111
6/30/21,DOBA8,1,23.7,10,0.84,101.4
6/30/21,DOBA8,1.25,23.5,2.4,0.2,99.1
6/30/21,DOBA8,1.5,23.1,1.3,0.11,104.7
6/30/21,DOBA8,1.75,22.3,1,0.09,120
6/30/21,DOBA8,2,20.8,0.8,0.07,161.8
6/30/21,ELV,0,25.9,56.5,4.59,3.2
6/30/21,ELV,0.25,25.9,56.9,4.63,258
6/30/21,ELV,0.5,24,43.8,3.68,256.3
6/30/21,ELV,0.75,23.5,33.4,2.84,258
6/30/21,ELV,1,23.3,15.3,1.3,256.2
6/30/21,ELV,1.25,23.3,8.8,0.75,258.2
6/30/21,ELV,1.5,23,1.3,0.11,259.6
6/30/21,ELV,1.75,22.9,0.8,0.07,262.6
6/30/21,ELV,2,22.7,0.7,0.06,265.5
6/30/21,ELV,2.25,22.6,0.5,0.04,268.5
6/30/21,ELV,2.5,22.3,0.4,0.03,281.8
6/30/21,ELV,2.75,21.6,0.3,0.03,203.4
6/30/21,MDT,0,25.1,108.8,8.98,2
6/30/21,MDT,0.25,24.7,113.7,9.44,135.4
6/30/21,MDT,0.5,24.3,102.4,8.57,135.3
6/30/21,MDT,0.75,24.1,76.6,6.46,134.4
6/30/21,MDT,1,23.5,2.8,0.23,133.6
6/30/21,MDT,1.25,23.1,2.1,0.18,130.6
6/30/21,MDT,1.5,22.3,0.9,0.08,163.8
6/30/21,UM-ARB,0,27.7,114.8,9.06,5.2
6/30/21,UM-ARB,0.25,26.5,123.6,10.08,317.9
6/30/21,UM-ARB,0.5,24.4,108.3,8.98,311.2
6/30/21,UM-ARB,0.75,24.1,78.4,6.59,311.6
6/30/21,LM-ARB,0,27.2,94.2,7.48,0.2
6/30/21,LM-ARB,0.25,26.1,97.4,7.87,325.4
6/30/21,LM-ARB,0.5,25.2,92.6,7.62,316.2
6/30/21,LM-ARB,0.75,24.9,86.1,7.3,316.8
7/1/21,DCSW2,0,24.6,78.1,6.5,1.7
7/1/21,DCSW2,0.25,24.5,75.5,6.24,304.4
7/1/21,DCSW2,0.5,23.9,17.6,1.44,292
7/1/21,DCSW2,0.75,23.6,13.7,1.16,282
7/1/21,DCSW2,1,23.1,3.3,2.82,325.3
7/1/21,DCSW2,1.25,22.9,6.8,0.58,303.6
7/1/21,DCSW2,1.5,22.4,0.5,0.04,310
7/1/21,DOBA5,0,27.2,105.3,8.37,1.6
7/1/21,DOBA5,0.25,27.2,104.5,8.3,121.07
7/1/21,DOBA5,0.5,26.3,104.5,8.48,121.9
7/1/21,DOBA5,0.75,25.5,103.1,8.43,120.4
7/1/21,DOBA5,1,24.5,101.1,8.43,121
7/1/21,DOBA5,1.25,24,50.7,4.27,120.1
7/1/21,DOBA5,1.5,23.2,3.4,0.29,129.8
7/1/21,DOBA5,1.75,22.4,0.9,0.08,151.6
7/1/21,DOBA5,2,19.5,0.4,0.03,240
7/1/21,DCSW3,0,24.9,26.8,2.22,0.2
7/1/21,DCSW3,0.25,24.9,26.1,2.16,180.4
7/1/21,DCSW3,0.5,24.9,25.9,2.15,180.2
7/1/21,DCSW3,0.75,24.9,24.9,2.06,179.4
7/1/21,DCSW3,1,24.3,15.4,1.28,182.1
7/1/21,DCSW3,1.25,23.9,1.5,0.13,186.2
7/1/21,DCSW3,1.5,23.1,0.5,0.05,207.8
7/1/21,DCSW3,1.75,22.1,0.9,0.08,250.3
7/1/21,DOBA4,0,25.2,101,8.3,0.9
7/1/21,DOBA4,0.25,25.2,100.8,8.3,91.2
7/1/21,DOBA4,0.5,24.7,96.6,8.04,91.5
7/1/21,DOBA4,0.75,24.2,103.3,8.68,89.9
7/1/21,DOBA4,1,23.8,100.2,8.47,91.7
7/1/21,DOBA4,1.25,23,27.8,2.38,100.6
7/1/21,DOBA4,1.5,22.1,2.2,0.19,118.7
7/1/21,CAP,0,28.1,70.4,5.5,0.2
7/1/21,CAP,0.25,28,70.2,5.49,102.2
7/1/21,CAP,0.5,26.2,62.9,5.09,104.6
7/1/21,CAP,0.75,25.2,65,5.36,99.4
7/1/21,CAP,1,24.7,41.3,3.4,99.1
7/1/21,CAP,1.25,24.4,8.7,0.7,114.8
7/1/21,DCSW1,0,24.3,50.4,4.22,0.2
7/1/21,DCSW1,0.25,24.3,49.2,4.11,285.3
7/1/21,DCSW1,0.5,24.3,49.3,4.12,286.6
7/1/21,DCSW1,0.75,23.8,33.9,2.82,300.5
7/1/21,DCSW1,1,23.5,6.3,0.53,306.3
7/1/21,DCSW1,1.25,23.2,1.5,0.13,318.1
7/1/21,DCSW1,1.5,22.4,0.8,0.07,365.6
7/1/21,DCSW1,1.75,21.4,0.9,0.08,437.2
7/1/21,DCSW1,2,18.6,0.8,0.07,520
7/1/21,DOBA5,0,27.2,105.3,8.37,1.6
7/1/21,DOBA5,0.25,27.2,104.5,8.3,121.07
7/1/21,DOBA5,0.5,26.3,104.5,8.48,121.9
7/1/21,DOBA5,0.75,25.5,103.1,8.43,120.4
7/1/21,DOBA5,1,24.5,101.1,8.43,121
7/1/21,DOBA5,1.25,24,50.7,4.27,120.1
7/1/21,DOBA5,1.5,23.2,3.4,0.29,129.8
7/1/21,DOBA5,1.75,22.4,0.9,0.08,151.6
7/1/21,DOBA5,2,19.5,0.4,0.03,240
7/1/21,O-N,0,24.7,79.3,6.59,2.7
7/1/21,O-N,0.25,24.7,79.4,6.59,487.3
7/1/21,O-N,0.5,24.7,78,6.46,487.9
7/1/21,O-N,0.75,24.7,72.4,6.01,488.7
7/1/21,O-N,1,24.6,69.2,5.75,489.3
7/1/21,O-S,0,24.2,52.1,4.36,7.4
7/1/21,O-S,0.25,24.1,52,4.34,463
7/1/21,O-S,0.5,24.1,50.2,4.22,463.5
7/1/21,O-S,0.75,24.1,48.4,4.07,463.5
7/1/21,O-S,1,23.9,34.7,2.92,463.9
7/2/21,KP,0,33.4,33.4,2.9,8.4
7/2/21,KP,0.25,30.3,30.3,2.67,171.4
7/2/21,KP,0.5,11.8,11.8,1.05,170.7
7/2/21,KP,0.75,1.2,1.2,0.11,189.6
7/2/21,KP,1,0.8,0.8,0.08,267.5
7/2/21,L60-UW,0,23.1,10.8,0.94,2.6
7/2/21,L60-UW,0.25,22.6,6.8,0.59,453.4
7/2/21,L60-UW,0.5,21.6,3.7,0.32,499.6
7/2/21,L60-UW,0.75,20.7,0.8,0.07,610
7/2/21,L60-UW,1,19.1,0.7,0.06,1038
7/2/21,ALC,0,24.1,57.9,1.86,8.7
7/2/21,ALC,0.25,23.4,37.1,3.16,681
7/2/21,ALC,0.5,22.4,11.6,1,683
7/2/21,ALC,0.75,22.2,3.8,0.33,704
7/7/21,OPP-E,0,26.3,105.6,8.51,3.3
7/7/21,OPP-E,0.25,26.4,101.7,8.19,184.3
7/7/21,OPP-E,0.5,26.3,54.5,4.38,185.6
7/7/21,OPP-E,0.75,26.3,44.7,3.61,186.2
7/7/21,OPP-E,1,26,5.9,0.49,190.4
7/7/21,OPP-E,1.25,25.6,1.7,0.14,197.8
7/7/21,OPP-E,1.5,24,1.2,0.1,208.4
7/7/21,OPP-W,0,26.4,95.1,7.65,2.6
7/7/21,OPP-W,0.25,26.5,58.7,4.73,131.9
7/7/21,OPP-W,0.5,26.5,44.5,3.98,132.7
7/7/21,OPP-W,0.75,26.3,8.3,0.67,136
7/7/21,OPP-W,1,24.9,1.5,0.12,145.8
7/7/21,OPP-W,1.25,23.2,0.8,0.07,159.9
7/7/21,OPP-W,1.5,21.4,0.5,0.05,185.5
7/7/21,O-S,0,26.5,37.2,3.99,0.7
7/7/21,O-S,0.25,26.6,36.7,2.94,454.8
7/7/21,O-S,0.5,26.6,34,2.79,459.9
7/7/21,O-S,0.75,26.6,29.1,2.34,460.1
7/7/21,O-S,1,26.4,14.5,1.17,459.6
7/7/21,O-N,0,27,82.8,6.6,2.8
7/7/21,O-N,0.25,27.1,82.8,6.59,488.9
7/7/21,O-N,0.5,27.1,83,6.59,490
7/7/21,O-N,0.75,27.1,80.9,6.43,489.6
7/7/21,O-N,1,26.9,40.5,3.22,
7/7/21,HP-UW,0,25.2,96.7,7.96,4.5
7/7/21,HP-UW,0.25,25.2,94.9,7.73,999
7/7/21,HP-UW,0.5,25.3,94.9,7.78,1000
7/7/21,HP-UW,0.75,25.2,98.4,8.11,997
7/7/21,HP-UW,1,25,85,7.15,1115
7/7/21,HP-UW,1.25,23.5,93,7.9,1190
7/7/21,HP-UW,1.5,23.3,119.6,10.16,131.2
7/7/21,L60-UW,0,24.8,28.2,1.68,1.1
7/7/21,L60-UW,0.25,24.2,4.5,0.37,392.7
7/7/21,L60-UW,0.5,22.3,1,0.09,490.5
7/7/21,L60-UW,0.75,20.9,0.7,0.07,795
7/7/21,L60-UW,1,18.8,0.6,0.06,1166
7/7/21,KP,0,24.5,45.7,3.82,4.1
7/7/21,KP,0.25,24.4,29.5,2.48,169.7
7/7/21,KP,0.5,23.6,2,0.2,174.8
7/7/21,KP,0.75,21.1,1.1,0.1,224.8
7/7/21,KP,1,18.6,0.9,0.08,297.5
7/7/21,DOBA7,0,26,58.8,4.7,2.9
7/7/21,DOBA7,0.25,27,58,4.62,215.9
7/7/21,DOBA7,0.5,27,58.6,4.66,215.9
7/7/21,DOBA7,0.75,26.9,40.4,3.22,216.7
7/7/21,DOBA7,1,26.8,27.4,2.18,218.5
7/7/21,DOBA7,1.25,26.8,19.7,1.58,218.9
7/7/21,DOBA7,1.5,26.5,3.3,0.26,220.6
7/8/21,ELV,0,23.4,15.3,1.28,1.7
7/8/21,ELV,0.25,23.5,13.7,1.16,254.1
7/8/21,ELV,0.5,23.6,13.7,1.16,254.3
7/8/21,ELV,0.75,23.6,12.8,1.09,254.5
7/8/21,ELV,1,23.6,12.4,1.06,254.5
7/8/21,ELV,1.25,23.6,12.1,1.03,254.1
7/8/21,ELV,1.5,23.6,11.5,0.97,254.1
7/8/21,ELV,1.75,23.6,9.6,0.81,253.9
7/8/21,ELV,2,23.2,1.6,0.14,256.2
7/8/21,ELV,2.25,23,0.7,0.06,263.2
7/8/21,ELV,2.5,22.4,0.4,0.03,265.3
7/8/21,ELV,2.75,20.8,0.3,0.02,339.7
7/8/21,ELV,3,20.1,0.2,0.02,376
7/8/21,CAP,0,23.5,4.3,0.36,3.3
7/8/21,CAP,0.25,23.6,5.1,0.43,112.7
7/8/21,CAP,0.5,23.6,2.8,0.23,113.4
7/8/21,CAP,0.75,23.6,1.8,0.15,113.3
7/8/21,CAP,1,23.5,1,0.09,114.3
7/8/21,CAP,1.25,23.4,0.8,0.06,115.2
7/8/21,MDT,0,22.8,40.9,3.53,3.1
7/8/21,MDT,0.25,22.9,40,3.43,133.3
7/8/21,MDT,0.5,22.9,36.4,3.12,133.3
7/8/21,MDT,0.75,23,37.2,3.17,133.4
7/8/21,MDT,1,23,35.9,3.08,133.5
7/8/21,MDT,1.25,22.9,24,2.06,134
7/8/21,MDT,1.5,22.7,16.2,1.4,135.5
7/8/21,DOBA8,0,24.4,18.4,1.54,1.7
7/8/21,DOBA8,0.25,24.5,17.5,1.46,103.5
7/8/21,DOBA8,0.5,24.5,15.8,1.32,103.6
7/8/21,DOBA8,0.75,24.5,12.5,1.04,103.5
7/8/21,DOBA8,1,24.5,8.1,0.68,103.8
7/8/21,DOBA8,1.25,24.5,7.8,0.65,103.8
7/8/21,DOBA8,1.5,24.4,7.3,0.61,103.9
7/8/21,DOBA8,1.75,24.4,2.2,0.18,104.7
7/8/21,DOBA8,2,24.2,0.3,0.03,105.6
7/8/21,LM-ARB,0,22,11.7,1.02,2.3
7/8/21,LM-ARB,0.25,22,11.2,0.98,311.6
7/8/21,LM-ARB,0.5,22,10.5,0.91,311.9
7/8/21,LM-ARB,0.75,22,10.7,0.93,311.9
7/8/21,UM-ARB,0,22,7.8,0.67,3.1
7/8/21,UM-ARB,0.25,22.1,7.1,0.62,293.8
7/8/21,UM-ARB,0.5,22.1,6.8,0.59,294.8
7/8/21,UM-ARB,0.75,22.1,6.5,0.56,294.9
7/8/21,UM-ARB,1,22.1,5.6,0.48,295.2
7/8/21,ALC,0,21.4,136.5,12.07,3.2
7/8/21,ALC,0.25,21.2,80.1,7.1,843
7/8/21,ALC,0.5,20.7,36.5,3.26,844
7/8/21,DOBA5,0,24,56.8,4.78,2.09
7/8/21,DOBA5,0.25,24.1,53.4,4.46,130.6
7/8/21,DOBA5,0.5,24,51.2,4.3,130.9
7/8/21,DOBA5,0.75,24,43.8,3.69,131.1
7/8/21,DOBA5,1,23.9,59.5,5.01,128.3
7/8/21,DOBA5,1.25,23.9,55.8,4.7,128.5
7/8/21,DOBA5,1.5,23.9,37.7,3.18,130.5
7/8/21,DOBA5,1.75,23.8,26.4,2.23,134.4
7/9/21,DCSW-1,0,23.2,16.5,1.4,0.2
7/9/21,DCSW-1,0.25,23.2,12.9,1.1,370.1
7/9/21,DCSW-1,0.5,22.7,5.5,0.47,371.9
7/9/21,DCSW-1,0.75,22.7,3.7,0.32,370
7/9/21,DCSW-1,1,22.5,2.5,0.22,368.9
7/9/21,DCSW-1,1.25,22.4,1,0.08,366.8
7/9/21,DCSW-1,1.5,22.4,0.4,0.04,367.1
7/9/21,DCSW-1,1.75,22.1,0.3,0.03,371
7/9/21,DCSW-1,2,20.2,0.2,0.02,510
7/9/21,DCSW-2,0,22.8,56.2,4.82,3.2
7/9/21,DCSW-2,0.25,22.9,98.6,8.46,416.7
7/9/21,DCSW-2,0.5,22.2,50.1,4.35,415.9
7/9/21,DCSW-2,0.75,22,22.7,1.99,412.8
7/9/21,DCSW-2,1,21.8,13,1.14,411.1
7/9/21,DCSW-2,1.25,21.8,8.6,0.75,413.1
7/9/21,DCSW-2,1.5,21.6,24.7,2.17,427.3
7/9/21,DCSW-2,1.75,21.4,2.3,0.2,446.6
7/9/21,DCSW-3,0,23.8,13.9,1.17,0.2
7/9/21,DCSW-3,0.25,23.8,13,1.1,239.8
7/9/21,DCSW-3,0.5,23.8,12.8,1.08,239.8
7/9/21,DCSW-3,0.75,23.5,10.7,0.92,239.4
7/9/21,DCSW-3,1,22.9,1.1,0.09,239.2
7/9/21,DCSW-3,1.25,22.8,0.7,0.06,239.5
7/9/21,DCSW-3,1.5,22.6,0.6,0.05,241.2
7/9/21,DCSW-3,1.75,22.4,0.5,0.05,243
7/9/21,DOBA4,0,24.2,111.3,9.37,1.7
7/9/21,DOBA4,0.25,23.8,119.2,10.08,95.5
7/9/21,DOBA4,0.5,22.2,82.1,7.17,93.8
7/9/21,DOBA4,0.75,21.9,71.6,6.28,94.3
7/9/21,DOBA4,1,21.7,51.4,4.51,93.8
7/9/21,DOBA4,1.25,21.6,29.9,3.52,94
7/9/21,DOBA4,1.5,21.4,52.5,4.64,93.5
7/12/21,DOBA7,0,24,104.8,8.83,2.5
7/12/21,DOBA7,0.25,24,105.2,8.85,230
7/12/21,DOBA7,0.5,23.9,104.2,8.75,230
7/12/21,DOBA7,0.75,23.4,68.2,5.82,232.8
7/12/21,DOBA7,1,22.8,50,4.3,228.1
7/12/21,DOBA7,1.25,22.7,36.1,3.11,230
7/12/21,DOBA7,1.5,22.6,13,1.11,234.4
7/12/21,DOBA7,1.75,22.4,1.1,0.1,246.3
7/12/21,OPP-W,0,23,103.2,8.85,2.4
7/12/21,OPP-W,0.25,22.7,87,8.5,132.8
7/12/21,OPP-W,0.5,22.3,22,1.95,133.8
7/12/21,OPP-W,0.75,22.1,9.8,0.89,134.1
7/12/21,OPP-W,1,21.9,2.2,0.19,136.5
7/12/21,OPP-W,1.25,21.6,1.3,0.11,140.7
7/12/21,OPP-W,1.5,20.8,0.9,0.08,165.5
7/12/21,OPP-W,1.75,20,0.7,0.06,206.4
7/12/21,OPP-W,2,18.9,0.6,0.05,281.1
7/12/21,OPP-W,2.25,18.3,0.5,0.05,325.1
7/12/21,OPP-W,2.5,17.5,0.3,0.03,393.3
7/12/21,OPP-E,0,23.3,97.3,8.3,0.2
7/12/21,OPP-E,0.25,23.3,97.8,8.34,193.4
7/12/21,OPP-E,0.5,23.2,89.6,7.66,193.7
7/12/21,OPP-E,0.75,22.7,44,3.78,200.2
7/12/21,OPP-E,1,22.7,34.1,2.94,198.5
7/12/21,OPP-E,1.25,22.5,22.9,1.93,199.8
7/12/21,OPP-E,1.5,22.3,2,0.17,202.1
7/13/21,L60-UW,0,23,54.1,4.64,5.6
7/13/21,L60-UW,0.25,19.8,2.9,0.26,461.7
7/13/21,L60-UW,0.5,18.7,2,0.18,517
7/13/21,L60-UW,0.75,18.1,1.4,0.13,584
7/13/21,L60-UW,1,18.1,1.2,0.11,868
7/13/21,LM-ARB,0,22.4,46.4,4.02,0.2
7/13/21,LM-ARB,0.25,22.4,40.4,3.53,393.4
7/13/21,LM-ARB,0.5,22.4,34.4,2.96,394.3
7/13/21,UM-ARB,0,23.3,103.4,8.82,3.5
7/13/21,UM-ARB,0.25,23.3,103.9,8.86,393.1
7/13/21,UM-ARB,0.5,23,94.9,8.14,393.8
7/13/21,UM-ARB,0.75,22.8,80.6,6.97,394.3
7/14/21,O-S,0,24.2,77.6,6.51,0.2
7/14/21,O-S,0.25,24.1,75.1,6.31,450.4
7/14/21,O-S,0.5,23.7,62.7,5.29,450.6
7/14/21,O-S,0.75,23.5,35,2.98,453
7/14/21,O-S,1,23.3,24.3,2.07,459.9
7/14/21,O-N,0,25.3,140.5,11.55,5.4
7/14/21,O-N,0.25,25,134.8,11.11,515
7/14/21,O-N,0.5,24.1,76.2,6.4,520
7/14/21,O-N,0.75,24,52.4,4.43,525
7/14/21,O-N,1,23.8,23,1.94,533
7/14/21,KP,0,22.9,69.3,5.99,6.4
7/14/21,KP,0.25,22.8,72.6,6.24,170
7/14/21,KP,0.5,21.4,4.9,0.42,171.8
7/14/21,KP,0.75,20,1.3,0.12,184.4
7/16/21,DOBA5,0,25.8,140.2,11.42,2.8
7/16/21,DOBA5,0.25,25.8,142.9,11.64,122
7/16/21,DOBA5,0.5,24.2,118.4,9.93,120
7/16/21,DOBA5,0.75,23.6,82.6,7,117.2
7/16/21,DOBA5,1,23.3,47.5,4.05,118.1
7/16/21,DOBA5,1.25,23.1,12.8,1.07,120.8
7/16/21,DOBA5,1.5,22.9,3.2,0.27,127
7/16/21,DOBA5,1.75,22.6,1,0.09,141.5
7/16/21,DOBA5,2,22.5,0.8,0.08,150.6
7/16/21,CAP,0,23.3,26.4,2.25,0.2
7/16/21,CAP,0.25,23.2,25.4,2.17,105.4
7/16/21,CAP,0.5,23.2,19.6,1.69,105.9
7/16/21,CAP,0.75,22.9,14,1.2,106.7
7/16/21,CAP,1,22.8,9.2,0.79,106.8
7/16/21,CAP,1.25,22.7,5.1,0.44,107.4
7/16/21,CAP,1.5,22.5,5.4,0.47,108.5
7/16/21,CAP,1.75,22.1,0.8,0.07,143.8
7/16/21,DOBA4,0,24.3,103.9,8.69,1.6
7/16/21,DOBA4,0.25,23.9,104.5,8.81,86.1
7/16/21,DOBA4,0.5,23.2,86.8,7.44,86.3
7/16/21,DOBA4,0.75,22.9,63.1,5.3,85.8
7/16/21,DOBA4,1,22.8,43.1,3.71,85.2
7/16/21,DOBA4,1.25,22.6,25,2.16,86
7/16/21,DOBA4,1.5,21.8,1.5,0.13,93.3
7/19/21,DCSW-3,0,24.7,57.1,4.74,3.1
7/19/21,DCSW-3,0.25,24.5,55.2,4.61,388
7/19/21,DCSW-3,0.5,24.1,47.3,3.97,385.6
7/19/21,DCSW-3,0.75,24,35.2,2.96,385.3
7/19/21,DCSW-3,1,23.8,30.8,2.6,384.4
7/19/21,DCSW-3,1.25,23.7,28.8,2.461,384.8
7/19/21,DCSW-3,1.5,23.6,13.1,1.11,386.9
7/19/21,DCSW-3,1.75,22.9,3,0.26,394.5
7/19/21,DCSW-3,2,21.5,0.9,0.08,441.9
7/19/21,DCSW-1,0,24.5,43.4,3.62,0.2
7/19/21,DCSW-1,0.25,24.6,42.4,3.53,257.4
7/19/21,DCSW-1,0.5,24.4,39.1,3.26,258.7
7/19/21,DCSW-1,0.75,24.3,35.8,3,259.8
7/19/21,DCSW-1,1,24.2,24.6,2.07,256.2
7/19/21,DCSW-1,1.25,24.1,26.7,2.24,255.6
7/19/21,DCSW-1,1.5,24,22.8,1.92,256.2
7/19/21,DCSW-1,1.75,23.4,11.7,0.99,271.1
7/19/21,DCSW-2,0,24.6,114.3,9.51,2
7/19/21,DCSW-2,0.25,24.3,126.5,10.57,414.2
7/19/21,DCSW-2,0.5,23.6,65.8,5.58,409.2
7/19/21,DCSW-2,0.75,23.4,59,5.01,410.2
7/19/21,DCSW-2,1,23.3,21,1.79,430.5
7/19/21,DCSW-2,1.25,23,25.4,2.18,434
7/19/21,DCSW-2,1.5,22.1,1.5,0.13,458
7/20/21,MDT,0,25.1,79.2,6.52,0.2
7/20/21,MDT,0.25,25.2,78.5,6.46,126.9
7/20/21,MDT,0.5,25,73.2,6.06,127.5
7/20/21,MDT,0.75,24.9,70.4,5.83,127.7
7/20/21,MDT,1,24.5,39,3.25,128.5
7/20/21,MDT,1.25,24.2,31.7,2.65,130.2
7/20/21,MDT,1.5,23.7,2.3,0.19,130.2
7/20/21,ELV,0,25.7,97.7,7.97,1.5
7/20/21,ELV,0.25,25.7,98.3,8.01,222.5
7/20/21,ELV,0.5,25.7,98.2,8.01,222.1
7/20/21,ELV,0.75,25.2,91.8,7.55,223.5
7/20/21,ELV,1,25,87.8,7.25,221.9
7/20/21,ELV,1.25,24.5,69.7,5.8,221.9
7/20/21,ELV,1.5,24.2,42.4,3.56,221.1
7/20/21,ELV,1.75,23.8,19.4,1.64,222
7/20/21,ELV,2,23.4,1.6,0.14,223.7
7/20/21,ELV,2.25,22.6,0.9,0.08,230.3
7/20/21,ELV,2.5,22.1,0.6,0.06,243.3
7/20/21,ELV,2.75,21.4,0.5,0.04,257.5
7/20/21,ELV,3,20.6,0.4,0.04,495
7/20/21,DOBA8,0,25.7,69.5,5.67,2.5
7/20/21,DOBA8,0.25,25.7,69.5,5.68,101.2
7/20/21,DOBA8,0.5,25.6,65.6,3.35,101.2
7/20/21,DOBA8,0.75,25.3,48.4,3.99,101.7
7/20/21,DOBA8,1,25.1,17.5,1.46,103.1
7/20/21,DOBA8,1.25,24.5,1.7,0.14,103.9
7/20/21,DOBA8,1.5,23.8,1.1,0.09,104.5
7/20/21,DOBA8,1.75,22.9,0.9,0.07,108.5
7/20/21,DOBA8,2,21.2,0.7,0.06,130.4
7/26/21,MDT,0,26.3,81.8,6.6,0.2
7/26/21,MDT,0.25,26.4,81.1,6.52,133.7
7/26/21,MDT,0.5,26.3,74.6,6.03,135.5
7/26/21,MDT,0.75,26.1,73.3,5.92,135.4
7/26/21,MDT,1,25.9,63,5.13,135.2
7/26/21,MDT,1.25,25.7,60.9,4.95,138.2
7/26/21,MDT,1.5,25.7,7.7,0.64,144.3
7/26/21,DOBA8,0,26.6,80.2,6.4,10.5
7/26/21,DOBA8,0.25,26.7,78.6,6.3,106.7
7/26/21,DOBA8,0.5,26.7,78.1,6.25,106.5
7/26/21,DOBA8,0.75,26.6,73.1,5.87,106.6
7/26/21,DOBA8,1,26.3,61.8,4.98,106.9
7/26/21,DOBA8,1.25,26.1,41.5,3.35,107.8
7/26/21,DOBA8,1.5,25,2.7,0.22,109.9
7/26/21,DOBA8,1.75,23.7,1.9,0.16,118.9
7/26/21,ELV,0,26.5,88.9,7.14,6.1
7/26/21,ELV,0.25,26.5,91.5,7.34,225.9
7/26/21,ELV,0.5,26.3,91.7,7.39,226.5
7/26/21,ELV,0.75,26.3,90.9,7.32,226
7/26/21,ELV,1,25.9,65.1,5.3,226
7/26/21,ELV,1.25,25.8,50.5,4.14,225.2
7/26/21,ELV,1.5,25.5,38.1,3.11,225.4
7/26/21,ELV,1.75,25.2,14,1.15,226
7/26/21,ELV,2,24.6,1.6,0.13,228.1
7/26/21,ELV,2.25,23.5,1.3,0.1,238.1
7/26/21,ELV,2.5,22.6,0.9,0.08,254.6
7/26/21,ELV,2.75,21.5,0.7,0.06,273.4
7/26/21,ELV,3,20.7,0.6,0.05,300
7/26/21,L60-UW,0,23.5,35.2,3.02,0.3
7/26/21,L60-UW,0.25,21.1,5.7,0.51,448.3
7/26/21,L60-UW,0.5,19.3,1.7,0.15,511
7/26/21,L60-UW,0.75,18.2,1.1,0.11,646
7/26/21,L60-UW,1,17.5,0.7,0.07,1032
7/26/21,HP-UW,0,25.8,115.6,9.42,11
7/26/21,HP-UW,0.25,25.6,114.3,9.31,1276
7/26/21,HP-UW,0.5,24.9,114.2,9.41,1257
7/26/21,HP-UW,0.75,24.6,130.2,10.73,1267
7/26/21,HP-UW,1,24.1,138.6,11.57,1340
7/26/21,HP-UW,1.25,23.7,112.6,9.43,1428
7/26/21,HP-UW,1.5,23.4,60.6,5.15,1465
7/26/21,HP-UW,1.75,23.1,22.6,1.98,1476
7/27/21,ALC,0,22.8,41.2,3.55,2
7/27/21,ALC,0.25,22.9,37.9,3.25,850
7/27/21,ALC,0.5,22.7,30.5,2.63,852
7/27/21,ALC,0.75,22.4,17.4,1.5,867
7/27/21,O-S,0,25.6,71,5.82,0.2
7/27/21,O-S,0.25,25.7,71.8,5.86,417
7/27/21,O-S,0.5,25.7,68.3,5.57,418.4
7/27/21,O-S,0.75,25.7,54.9,4.49,419.1
7/27/21,O-S,1,25.4,3.7,0.3,430.4
7/27/21,O-N,0,26,81.1,6.57,4.8
7/27/21,O-N,0.25,26.3,81.3,6.55,502
7/27/21,O-N,0.5,26.3,80.3,6.46,502
7/27/21,O-N,0.75,26.4,73.6,5.93,503
7/27/21,O-N,1,26.3,63.1,5.08,503
7/27/21,KP,0,23.1,22.5,1.92,8.8
7/27/21,KP,0.25,23.1,19.5,1.66,176.1
7/27/21,KP,0.5,22.8,8,0.69,178
7/27/21,KP,0.75,21.8,1.6,0.14,182
7/27/21,KP,1,20.6,0.9,0.08,298.9
7/27/21,DOBA7,0,24.9,57.1,4.71,2.1
7/27/21,DOBA7,0.25,25,57,4.7,215.7
7/27/21,DOBA7,0.5,25.1,55.55,4.57,215.9
7/27/21,DOBA7,0.75,25.1,55.3,4.55,216.1
7/27/21,DOBA7,1,25.1,54.1,4.45,216.3
7/27/21,DOBA7,1.25,25.1,53.7,4.43,216.2
7/27/21,DOBA7,1.5,25.1,50,4.13,216.4
7/29/21,DOBA5,0,27.8,131.2,10.44,2
7/29/21,DOBA5,0.25,26.9,134.1,10.7,673
7/29/21,DOBA5,0.5,26.2,112.2,9.09,125.6
7/29/21,DOBA5,0.75,25.9,77.8,6.29,119.5
7/29/21,DOBA5,1,25.4,33.2,2.71,116.4
7/29/21,DOBA5,1.25,24.9,24,1.99,117.5
7/29/21,DOBA5,1.5,24.5,15.2,1.27,121.4
7/29/21,DOBA5,1.75,23.7,2.2,0.18,137.6
7/29/21,CAP,0,27.3,36.5,2.92,3.1
7/29/21,CAP,0.25,25.6,3.8,0.31,108.7
7/29/21,CAP,0.5,25.1,1.6,0.13,102.6
7/29/21,CAP,0.75,24.9,1,0.08,102.5
7/29/21,CAP,1,24.5,0.7,0.06,94.4
7/29/21,DCSW3,0,25.7,73.9,6.03,2.7
7/29/21,DCSW3,0.25,25.6,68.9,5.62,86.9
7/29/21,DCSW3,0.5,25.5,54,4.41,86.8
7/29/21,DCSW3,0.75,25.2,24.6,2.03,87.1
7/29/21,DCSW3,1,24.9,3.2,0.26,8605
7/29/21,DCSW3,1.25,24.3,1.5,0.13,91.1
7/29/21,DCSW3,1.5,23.9,1.2,0.1,95.7
7/29/21,DCSW1,0,25.4,21.9,1.79,0.2
7/29/21,DCSW1,0.25,25.5,21.1,1.73,407.3
7/29/21,DCSW1,0.5,25.5,21.1,1.72,406.6
7/29/21,DCSW1,0.75,25.5,20.6,1.67,406.5
7/29/21,DCSW1,1,25.4,15.6,1.27,406.6
7/29/21,DCSW1,1.25,25.04,9,0.74,409.1
7/29/21,DCSW1,1.5,25,1.2,0.1,41707
7/29/21,DCSW1,1.75,24.5,0.8,0.07,430.6
7/29/21,DCSW1,2,23,0.7,0.06,457.3
7/29/21,DCSW2,0,24.6,35.4,2.94,5.5
7/29/21,DCSW2,0.25,24.6,34.3,2.85,406.8
7/29/21,DCSW2,0.5,24.6,31.5,2.62,406.7
7/29/21,DCSW2,0.75,24.5,22.2,1.86,407.5
7/29/21,DCSW2,1,24.4,22.8,1.9,403.2
7/29/21,DCSW2,1.25,24.3,19.3,1.62,402.8
7/29/21,DCSW2,1.5,24.2,18.7,1.56,402.9
7/29/21,DCSW2,1.75,24.1,13.8,1.16,404.7
7/30/21,OPP-E,0,25.2,78.5,6.46,0.2
7/30/21,OPP-E,0.25,25.3,75.9,6.32,212
7/30/21,OPP-E,0.5,25.3,71.7,5.89,212.5
7/30/21,OPP-E,0.75,25.3,65.8,5.41,212.5
7/30/21,OPP-E,1,25.2,64.5,5.31,212.6
7/30/21,OPP-E,1.25,25.2,48.1,3.96,213
7/30/21,OPP-E,1.5,24.9,2,0.17,215.7
7/30/21,OPP-W,0,24.3,8.5,0.71,5.6
7/30/21,OPP-W,0.25,24.4,5.3,0.44,103.4
7/30/21,OPP-W,0.5,24.2,1.6,0.13,102.2
7/30/21,OPP-W,0.75,24.2,1.3,0.11,100.5
7/30/21,OPP-W,1,24.1,1.1,0.09,106.8
7/30/21,OPP-W,1.25,23.7,0.9,0.07,109.9
7/30/21,OPP-W,1.5,22.7,0.7,0.06,136
7/30/21,OPP-W,1.75,21.7,0.6,0.06,209.9
7/30/21,OPP-W,2,20,0.5,0.05,265.6
7/30/21,OPP-W,2.25,19.5,0.4,0.04,297.9
7/30/21,OPP-W,2.5,18,0.4,0.04,355.7
7/30/21,OPP-W,2.75,17.2,0.4,0.04,405
7/30/21,LM-ARB,0,25.3,47.4,3.88,3.9
7/30/21,LM-ARB,0.25,25.2,44.2,3.64,312
7/30/21,LM-ARB,0.5,25.1,39.7,3.27,312.4
7/30/21,LM-ARB,0.75,24.9,33.3,2.75,312
7/30/21,UM-ARB,0,25.4,50.3,4.11,4
7/30/21,UM-ARB,0.25,25.4,49.2,4.03,291.1
7/30/21,UM-ARB,0.5,25.1,34.8,2.88,292.3
7/30/21,UM-ARB,0.75,24.7,18.3,1.52,291.8
8/2/21,ALC,0,20.3,33.2,3.02,0.2
8/2/21,LM-ARB,0,23.3,87.9,7.45,3.8
8/2/21,LM-ARB,0.25,23.1,85.5,7.3,353
8/2/21,LM-ARB,0.5,22.5,68,5.89,353.9
8/2/21,LM-ARB,0.75,22.1,51.9,4.52,351.3
8/2/21,LM-ARB,1,22.1,47.5,4.41,350.4
8/2/21,UM-ARB,0,24.7,129.1,10.77,4.4
8/2/21,UM-ARB,0.25,24.2,125.2,10.47,347.1
8/2/21,UM-ARB,0.5,23.2,83,7.11,350.6
8/2/21,UM-ARB,0.75,23.1,79.2,6.77,346.4
8/3/21,ALC,0.25,20.2,23.7,2.13,849
8/3/21,ALC,0.5,19.8,31.7,2.9,849
8/3/21,ALC,0.75,19.4,42.5,3.9,839
8/3/21,OPP-E,0,23.6,128.3,10.84,2.6
8/3/21,OPP-E,0.25,23.5,133.3,11.3,208.9
8/3/21,OPP-E,0.5,23,89.4,7.61,210.4
8/3/21,OPP-E,0.75,22.7,60,5.2,212.7
8/3/21,OPP-E,1,22.7,59.8,5.16,212.6
8/3/21,OPP-E,1.25,22.7,54.4,4.69,212.4
8/3/21,OPP-E,1.5,22.6,45.5,3.97,212
8/3/21,OPP-W,0,22.6,25.7,2.29,0.2
8/3/21,OPP-W,0.25,21.9,8.2,0.72,116.5
8/3/21,OPP-W,0.5,21.8,2,0.17,120.8
8/3/21,OPP-W,0.75,21.6,1.7,0.14,122.6
8/3/21,OPP-W,1,21.6,1.4,0.12,122.8
8/3/21,OPP-W,1.25,21.5,1.1,0.1,130.6
8/3/21,OPP-W,1.5,21.3,0.9,0.08,127.4
8/3/21,OPP-W,1.75,20.7,0.9,0.08,211
8/3/21,OPP-W,2,19.9,0.7,0.06,287.5
8/3/21,OPP-W,2.25,19.3,0.6,0.05,328.4
8/3/21,OPP-W,2.5,18.8,0.5,0.05,378.5
8/3/21,O-S,0,25.6,122.5,9.93,3.6
8/3/21,O-S,0.25,24.8,124,10.29,434.8
8/3/21,O-S,0.5,23.3,94.1,7.83,422.3
8/3/21,O-S,0.75,22.8,46.6,4.01,424.3
8/3/21,O-S,1,22.7,36.4,3.13,426.5
8/3/21,O-N,0,27,144.3,11.51,5.9
8/3/21,O-N,0.25,26.9,145.5,11.6,471.1
8/3/21,O-N,0.5,26.3,120.3,9.7,480.7
8/3/21,O-N,0.75,23.6,71.5,6.09,493.2
8/3/21,O-N,1,23.4,47.1,4.01,474.5
8/3/21,KP,0,24.2,67.7,5.68,4.3
8/3/21,KP,0.25,20,38.8,3.45,191.7
8/3/21,KP,0.5,18.8,20.3,1.88,182.7
8/3/21,KP,0.75,18.3,13,1.22,183.3
8/3/21,KP,1,18.3,2,0.18,187.9
8/3/21,ELV,0,24.1,62.1,5.2,7.7
8/3/21,ELV,0.25,24.2,63.7,5.34,211.4
8/3/21,ELV,0.5,24.2,63.8,5.35,211.5
8/3/21,ELV,0.75,24.1,61.7,5.18,211.4
8/3/21,ELV,1,23.6,41.6,3.52,213.3
8/3/21,ELV,1.25,23.5,37.5,3.19,210.7
8/3/21,ELV,1.5,23.3,37.8,3.24,211.1
8/3/21,ELV,1.75,23.2,37.5,3.2,211.4
8/3/21,ELV,2,23.2,28.7,2.45,210.2
8/3/21,ELV,2.25,23.1,27,2.3,210.3
8/3/21,ELV,2.5,23,20.1,1.73,212.4
8/3/21,ELV,2.75,23,8.2,0.7,214.4
8/3/21,ELV,3,23.8,3,0.26,230
8/3/21,ELV,3.25,22.3,0.8,0.07,240.7
8/3/21,DOBA7,0,23.9,101.4,8.55,2.5
8/3/21,DOBA7,0.25,24,102.6,8.64,208.1
8/3/21,DOBA7,0.5,23.8,100,8.42,211.3
8/3/21,DOBA7,0.75,23.6,91.3,7.74,212
8/3/21,DOBA7,1,23,70.2,6.01,208.8
8/3/21,DOBA7,1.25,22.9,60.8,5.22,207.8
8/4/21,DCSW1,0,25.4,71.2,5.84,7.8
8/4/21,DCSW1,0.25,24.6,74,6.17,269.1
8/4/21,DCSW1,0.5,24,68.9,5.81,262.4
8/4/21,DCSW1,0.75,23.8,60.4,5.09,260.4
8/4/21,DCSW1,1,23.6,60.2,5.11,263
8/4/21,DCSW1,1.25,23.5,60.7,5.15,263.3
8/4/21,DCSW1,1.5,23.4,50,4.26,262.2
8/4/21,DCSW1,1.75,23.2,25.6,2.19,266
8/4/21,DCSW2,0,24.1,97.8,8.17,10.7
8/4/21,DCSW2,0.25,23.6,89.8,7.56,481.4
8/4/21,DCSW2,0.5,23,85.9,7.35,465.6
8/4/21,DCSW2,0.75,22.9,81.7,7.02,471.6
8/4/21,DCSW2,1,22.7,45.1,3.96,475.9
8/4/21,DCSW2,1.25,22.5,43.9,3.81,488.9
8/4/21,DCSW3,0,24.2,55.2,4.62,7.7
8/4/21,DCSW3,0.25,23.7,43,3.64,419.7
8/4/21,DCSW3,0.5,23.3,37.2,3.19,419.2
8/4/21,DCSW3,0.75,23.2,32.6,2.73,417.7
8/4/21,DCSW3,1,23.1,19.8,1.69,419.2
8/4/21,DCSW3,1.25,23,17.3,1.48,419.6
8/4/21,DCSW3,1.5,23,8.9,0.78,420.6
8/4/21,DCSW3,1.75,22.9,7.7,0.66,422.2
8/4/21,DCSW3,2,22.8,2.4,0.2,427.9
8/4/21,DOBA4,0,23.5,81.8,6.97,7.2
8/4/21,DOBA4,0.25,22.9,83,7.13,92.8
8/4/21,DOBA4,0.5,22.4,75.3,6.53,96.5
8/4/21,DOBA4,0.75,22.3,59.2,5.16,95.2
8/4/21,DOBA4,1,22.1,45.1,3.94,95
8/4/21,DOBA4,1.25,22,6.8,0.6,95.4
8/4/21,DOBA4,1.5,21.8,1.9,0.18,94.8
8/4/21,DOBA4,1.73,21.3,1.4,0.13,109.5
8/4/21,DOBA5,0,23.8,131.4,11.06,0.2
8/4/21,DOBA5,0.25,23.8,127.2,10.75,17
8/4/21,DOBA5,0.5,23.4,107.2,9.12,122.4
8/4/21,DOBA5,0.75,23.4,105.3,8.97,122.3
8/4/21,DOBA5,1,23.1,45.6,3.9,121.8
8/4/21,DOBA5,1.25,22.9,22,1.88,124.3
8/4/21,DOBA5,1.5,22.8,8.7,0.75,128.5
8/4/21,DOBA5,1.75,22.6,1.8,0.15,138.6
8/4/21,DOBA5,2,21.6,1.3,0.12,190.4
8/4/21,CAP,0,25.1,21.9,1.81,2.4
8/4/21,CAP,0.25,23.8,11.5,0.96,126.8
8/4/21,CAP,0.5,23.1,15,0.43,124.2
8/4/21,CAP,0.75,23,1.9,0.16,122.9
8/4/21,CAP,1,22.8,1.6,0.14,124.3
8/4/21,CAP,1.25,22.7,1.1,0.09,132
8/5/21,HP-UW,0,24.1,116.9,9.81,3.1
8/5/21,HP-UW,0.25,24.1,118.8,9.95,1244
8/5/21,HP-UW,0.5,24,122.6,10.29,1249
8/5/21,HP-UW,0.75,23.5,126.3,10.66,1280
8/5/21,HP-UW,1,23.3,118.4,10.6,1284
8/5/21,HP-UW,1.25,23.1,113,9.64,1323
8/5/21,HP-UW,1.5,22.9,106.2,9.09,1461
8/5/21,HP-UW,1.75,22.6,92.3,7.94,1522
8/5/21,HP-UW,2,22.4,92.6,8.02,1528
8/5/21,L60-UW,0,20.5,2.3,0.21,9
8/5/21,L60-UW,0.25,18.9,2,0.17,544
8/5/21,L60-UW,0.5,18,1.5,0.14,564
8/5/21,L60-UW,0.75,17.2,1.4,0.13,609
8/5/21,L60-UW,1,17.6,0.9,0.09,858
8/5/21,MDT,0,25.1,93.2,7.69,3.2
8/5/21,MDT,0.25,25.2,93.7,7.72,108.8
8/5/21,MDT,0.5,24.8,88.7,7.39,109.8
8/5/21,MDT,0.75,24.9,87.6,7.29,109.3
8/5/21,MDT,1,24.4,83.1,6.95,109.2
8/5/21,MDT,1.25,24.2,72.8,6.12,109.4
8/5/21,MDT,1.5,23.9,44.2,3.73,110.8
8/5/21,DOBA8,0,25.1,111.4,9.19,0.2
8/5/21,DOBA8,0.25,25.1,111.4,9.18,95
8/5/21,DOBA8,0.5,25,113.3,9.34,95.5
8/5/21,DOBA8,0.75,24.8,106,8.78,96.2
8/5/21,DOBA8,1,24.5,93.7,7.81,96.4
8/5/21,DOBA8,1.25,24.3,78.7,6.59,94.2
8/5/21,DOBA8,1.5,24,44.7,3.77,94.7
8/5/21,DOBA8,1.75,23.4,5.6,0.47,94.4
8/5/21,DOBA8,2,22.4,1.9,0.16,112.5
1/12/22,HP-UW,0,3.4,98.7,13.04,1868
1/12/22,HP-UW,0.25,3.6,99.6,13.15,1915
1/12/22,HP-UW,0.5,3.7,100.7,13.21,1915
1/12/22,HP-UW,0.75,3.8,101.9,13.31,1921
1/12/22,HP-UW,1,3.8,101.8,13.27,1929
1/12/22,HP-UW,1.25,4,101,13.16,1930