DATE,pond,Depth,Temp_C,DO_Percent,DO_mgL,Conductivity,chloride_mgL,sulfate_mgL,avsnow,totice,blackice,whiteice,secchi,TSS_gL,POM_gL,OM_perc,chla
6/8/21,ALC,0,24.2,64.2,5.42,,361.46,1.99,,,,,0.75,0.0069,0.004,56.14,13.4
6/15/21,ALC,0,27.1,162.4,12.95,,386.05,1.83,,,,,0.525,0.0129,0.009,72.92,25.3
7/2/21,ALC,0,24.1,57.9,1.86,,149.21,2.14,,,,,0.45,0.017,0.013,76.47,36
7/8/21,ALC,0,21.4,136.5,12.07,,,,,,,,0.525,0.0187,0.013,69.05,40.2
7/27/21,ALC,0,22.8,41.2,3.55,,142.74,2.31,,,,,0.29,0.0159,0.01,62.22,40
8/3/21,ALC,0,20.3,33.2,3.02,,190.63,1.66,,,,,0.375,0.0225,0.017,77.5,106.7
1/13/22,ALC,0,0.8,47.7,6.76,1206,298.58,7.73,1.41,21,19,2,0.8,0.0034,0.002,68.18,2.3
1/27/22,ALC,0,0.7,23.1,3.31,,384.66,7.32,4.5,30.5,23.5,7,0.4,0.01,0.009,89.47,32.6
2/9/22,ALC,0,0.5,8.3,1.13,2012,430.87,4.66,2,33,30.5,2.5,0.5,0.0414,0.021,51.72,40.8
6/7/21,CAP,0,26.2,39.2,3.16,,53.69,3.07,,,,,0.575,0.0053,0.004,79.25,14.9
6/16/21,CAP,0,25.8,74.3,6.04,,59.7,2.62,,,,,0.325,0.0112,0.01,87.5,36.3
7/1/21,CAP,0,28.1,70.4,5.5,,7.16,1.54,,,,,0.875,0.0065,0.005,72.31,14.3
7/8/21,CAP,0,23.5,4.3,0.36,,,,,,,,0.575,,,,
7/16/21,CAP,0,23.3,26.4,2.25,,8.58,1.48,,,,,1.05,0.0044,0.003,65.22,10
7/29/21,CAP,0,27.3,36.5,2.92,,,,,,,,0.5,0.0114,0.008,68.42,14.8
8/4/21,CAP,0,25.1,21.9,1.81,,8.17,1.88,,,,,0.515,0.007,0.005,77.14,6.6
1/13/22,CAP,0,2.6,39.1,5.1,171.9,17.33,2.96,1.5,14,12.5,1.5,0.3,0.0102,0.01,97.83,125.1
1/27/22,CAP,0,1.3,10.4,1.46,228.4,35.52,2.59,8.5,23.5,21,2.5,0.5,0.021,0.019,90.48,288.4
2/9/22,CAP,0,0.9,18.1,2.57,626,136.75,3.91,0,33.5,29,4.5,0.25,0.0321,0.027,84.62,389.8
6/9/21,DCSW1,0,26.9,154.2,12.31,,41.9,4.61,,,,,1.75,0.0015,0.001,80,2.3
6/21/21,DCSW1,0,22.6,45.2,3.9,,24.08,3.22,,,,,1.6,0.0017,0.001,64.71,2.4
7/1/21,DCSW1,0,24.3,50.4,4.22,,28.72,4.86,,,,,1.125,0.0046,0.003,65.22,18.1
7/9/21,DCSW1,0,23.2,16.5,1.4,,,,,,,,0.775,,,,
7/19/21,DCSW1,0,24.5,43.4,3.62,,19.06,3.05,,,,,1.45,0.003,0.003,86.67,5.9
7/29/21,DCSW1,0,25.4,21.9,1.79,,,,,,,,1.39,0.0036,0.003,75,13.4
8/4/21,DCSW1,0,25.4,71.2,5.84,,18.7,3.07,,,,,0.79,0.0059,0.005,84.44,15.3
1/13/22,DCSW1,0,2.4,99.1,15.66,529,41.63,12.66,0.5,22,20,2,1.15,0.0026,0.001,38.46,5.7
1/27/22,DCSW1,0,1.8,76.3,10.3,492.4,47.03,12.89,8,31.5,27.5,4,1.8,0.0016,0.002,93.75,9.5
2/9/22,DCSW1,0,1.9,15.6,2.14,608,47.51,12.93,1.15,37,34,3,2,0.001,0,40,3.2
6/9/21,DCSW2,0,27.3,201.6,16.09,,75.75,14.35,,,,,1.4,0.0029,0.002,68.97,10.9
6/21/21,DCSW2,0,22.3,20.3,1.76,,44.39,7.31,,,,,0.625,0.0096,0.007,70.69,21.2
7/1/21,DCSW2,0,24.6,78.1,6.5,,27.48,5.05,,,,,0.825,0.0068,0.004,54,
7/9/21,DCSW2,0,22.8,56.2,4.82,,,,,,,,0.525,,,,
7/19/21,DCSW2,0,24.6,114.3,9.51,,34.83,6.56,,,,,0.715,0.0071,0.006,78.87,44.7
7/29/21,DCSW2,0,24.6,35.4,2.94,,,,,,,,0.765,0.0166,0.01,57.36,71.1
8/4/21,DCSW2,0,24.1,97.8,8.17,,41.49,8.47,,,,,0.775,0.01,0.008,79,65.1
1/13/22,DCSW2,0,1.8,108.7,15.2,566,48.73,14.62,1.6,19,17,3,1.25,0.005,0.004,88,33.1
1/27/22,DCSW2,0,1.6,76.3,10.02,589,52.59,14.11,8,27,24,3,1.2,0.0106,0.01,94.34,132.7
2/9/22,DCSW2,0,0.6,25.4,3.64,693,54.97,14.31,2,37,32,5,1.2,0.0025,0.002,80,10.3
6/9/21,DCSW3,0,28.7,148.7,11.5,,81.88,13.59,,,,,1.56,0.0013,0.001,84.62,2
6/21/21,DCSW3,0,22.2,22.5,1.96,,52.33,8.23,,,,,0.8,0.0051,0.004,70.73,13.4
7/1/21,DCSW3,0,24.9,26.8,2.22,,14.96,2.26,,,,,1.775,0.0026,0.002,57.69,3.6
7/9/21,DCSW3,0,23.8,13.9,1.17,,,,,,,,1.05,,,,
7/19/21,DCSW3,0,24.7,57.1,4.74,,36.48,5.98,,,,,1.4,0.0039,0.003,79.49,11.7
7/29/21,DCSW3,0,25.7,73.9,6.03,,,,,,,,0.785,0.0153,0.011,71.74,11.3
8/4/21,DCSW3,0,24.2,55.2,4.62,,42.71,6.52,,,,,1.35,0.0057,0.005,89.47,17.5
1/13/22,DCSW3,0,1.9,86.2,11.98,189.6,7.76,5.91,1.3,20,17,3,1.1,0.0047,0.004,85.11,36.3
1/27/22,DCSW3,0,0.7,92.1,13.02,192.2,9.4,5.77,8.9,28.5,25.5,3,1.15,0.0029,0.002,51.72,18.8
2/9/22,DCSW3,0,1.4,43.6,6.07,255.1,14.18,5.83,0.4,35,30.5,4.5,1.4,0.0041,0.002,46.34,22.8
6/7/21,DOBA4,0,25.8,90.9,7.39,,53.71,2.53,,,,,0.125,0.0205,0.014,68.29,44.3
6/16/21,DOBA4,0,24,87.8,7.38,,61.42,2.6,,,,,0.35,0.0211,0.015,71.79,55.8
7/1/21,DOBA4,0,25.2,101,8.3,,10.71,1.4,,,,,0.375,0.0161,0.012,72.41,40.2
7/9/21,DOBA4,0,24.2,111.3,9.37,,,,,,,,0.35,,,,
7/16/21,DOBA4,0,24.3,103.9,8.69,,8.12,1.69,,,,,0.325,0.0257,0.02,77.78,102
8/4/21,DOBA4,0,23.5,81.8,6.97,,8.82,1.85,,,,,0.29,0.03,0.026,88.1,70.1
1/13/22,DOBA4,0,2.2,104.2,14.28,148,20.49,2.3,1.27,19,16,3,0.3,0.01,0.008,80,40.5
1/27/22,DOBA4,0,1.4,71.9,9.8,155.7,23.75,2.15,9,27.5,23,4.5,0.4,0.0294,0.028,95.74,753.2
2/9/22,DOBA4,0,1,55.6,7.95,204.8,27.71,1.78,1.75,33.5,31.5,2,0.12,0.07,0.056,80,1632.8
6/7/21,DOBA5,0,27.9,99,7.78,376,74.04,3.46,,,,,0.625,0.0087,0.006,71.43,28.2
6/16/21,DOBA5,0,23.9,79.2,6.68,,71.95,3.74,,,,,0.335,0.0047,0.004,89.36,7.5
7/1/21,DOBA5,0,27.2,105.3,8.37,,15.99,1.6,,,,,1.05,0.0114,0.009,83.54,63.7
7/8/21,DOBA5,0,24,56.8,4.78,,,,,,,,1.025,,,,
7/16/21,DOBA5,0,25.8,140.2,11.42,,12.72,1.65,,,,,0.575,0.0258,0.023,90.7,
7/29/21,DOBA5,0,27.8,131.2,10.44,,,,,,,,0.275,0.0388,0.032,82.54,
8/4/21,DOBA5,0,23.8,131.4,11.06,,13.9,1.62,,,,,0.24,0.0679,0.063,92.88,
1/13/22,DOBA5,0,3.3,54.2,7.18,162.6,20.04,2.29,1.5,14,12,2,0.4,0.019,0.017,90.91,
1/27/22,DOBA5,0,2,5.4,0.73,165.3,22.22,2.05,8.1,21,16,5,0.7,0.0175,0.016,89.58,
2/9/22,DOBA5,0,1.3,18.3,2.58,201.9,23.11,1.75,1.25,28,24,4,0.3,0.0203,0.018,90.16,
6/2/21,DOBA7,0,25.9,131.5,10.77,,120.37,6.69,,,,,0.35,0.0049,0.003,61.11,
6/14/21,DOBA7,0,25,79,6.52,,142.71,7.49,,,,,0.35,0.0255,0.016,62.5,
6/29/21,DOBA7,0,24,59.4,5,,34.51,3.69,,,,,0.4,0.0296,0.013,44.16,
7/7/21,DOBA7,0,26,58.8,4.7,,,,,,,,0.375,,,,
7/12/21,DOBA7,0,24,104.8,8.83,,40.72,4.15,,,,,0.29,0.0316,0.019,59.15,
7/27/21,DOBA7,0,24.9,57.1,4.71,,,,,,,,0.265,0.0369,0.021,55.56,
8/3/21,DOBA7,0,23.9,101.4,8.55,,39.18,3.95,,,,,0.255,0.035,0.024,68.57,
1/14/22,DOBA7,0,1.1,119.9,16.91,942,202.35,5.5,0,25,20,5,0.45,0.0066,0.006,87.1,
1/31/22,DOBA7,0,0.6,76,10.87,1152,295.189,7.15,6,39,33,6,0.75,0.0082,0.008,92.68,
2/11/22,DOBA7,0,0.5,53.8,7.59,1610,370.68,7.34,0.1,43,38,5,0.25,0.005,0.004,76,
6/10/21,DOBA8,0,28.8,58.8,4.57,,49.86,2.74,,,,,1.175,0.0035,0.002,60,
6/17/21,DOBA8,0,25.3,70,5.74,,51.11,2.84,,,,,0.94,0.0038,0.006,2.52,
6/30/21,DOBA8,0,25.6,102.8,8.42,,10.22,1.71,,,,,0.75,0.0088,0.007,83.02,
7/8/21,DOBA8,0,24.4,18.4,1.54,,,,,,,,0.575,,,,
7/20/21,DOBA8,0,25.7,69.5,5.67,,8.04,1.39,,,,,0.55,0.0108,0.008,77.78,
7/26/21,DOBA8,0,26.6,80.2,6.4,,,,,,,,0.575,0.0112,0.01,89.29,
8/5/21,DOBA8,0,25.1,111.4,9.19,,6.27,1.83,,,,,0.49,0.0143,0.013,89.47,
1/14/22,DOBA8,0,2.5,63.4,8.31,254.5,14.64,3.83,3,18,14,4,0.95,0.0019,0.002,93.33,
1/30/22,DOBA8,0,2.4,6.4,0.83,272.1,22.71,5.14,11,23,20,3,1.25,0.0026,0.002,92.31,
2/10/22,DOBA8,0,1.5,19.6,2.63,327.4,24.71,4.9,6.5,28.5,23.5,5,1.2,0.0032,0.003,86.96,
6/8/21,ELV,0,27.1,106.3,8.43,,127.73,5.27,,,,,0.675,0.0074,0.005,68.57,
6/17/21,ELV,0,24.6,100.8,8.38,,130.68,5.27,,,,,0.475,0.012,0.008,68.33,
6/30/21,ELV,0,25.9,56.5,4.59,,48.42,2.54,,,,,0.7,0.0092,0.005,50,
7/8/21,ELV,0,23.4,15.3,1.28,,,,,,,,0.55,,,,
7/20/21,ELV,0,25.7,97.7,7.97,,36.68,2.21,,,,,0.7,0.0082,0.006,78.05,
7/26/21,ELV,0,26.5,88.9,7.14,,,,,,,,0.775,0.0067,0.005,69.05,
8/3/21,ELV,0,24.1,62.1,5.2,,36.25,1.57,,,,,0.64,0.0104,0.008,79.49,
1/14/22,ELV,0,0.4,99,14.1,168,27.29,3.95,1.5,21,14,7,0.45,0.0044,0.004,86.36,
1/30/22,ELV,0,0.5,65.2,9.1,186.5,27.57,3.25,8,31,25.5,5.5,0.35,0.0112,0.009,78.57,
2/10/22,ELV,0,0.4,103.3,14.89,219.8,26.38,3.49,4,36.4,32.6,3.8,0.4,0.0068,0.005,71.43,
6/10/21,HP-UW,0,27.1,161.8,12.08,,272.9,36.59,,,,,0.35,0.0184,0.009,47.78,
6/18/21,HP-UW,0,23.4,89.5,7.65,,67.36,9.86,,,,,0.45,0.0158,0.005,33.68,
6/29/21,HP-UW,0,23.2,71.7,6.13,,62.5,8.52,,,,,0.675,0.007,0.003,42.86,
7/7/21,HP-UW,0,25.2,96.7,7.96,,,,,,,,0.61,,,,
7/26/21,HP-UW,0,25.8,115.6,9.42,,210.63,28.75,,,,,0.735,0.0116,0.005,39.77,
8/5/21,HP-UW,0,24.1,116.9,9.81,,217.02,28.74,,,,,0.75,0.0068,0.003,44.12,
1/12/22,HP-UW,0,3.4,98.7,13.04,1868,364.4,41.44,0,7.5,7.25,0.25,1.5,0.0031,0.002,54.84,
1/31/22,HP-UW,0,2.5,108.2,14.66,1476,342.84,41.27,6,22,21.5,0.5,1.45,0.0022,0.001,40.91,
2/9/22,HP-UW,0,2.7,125.9,16.81,1836,321.97,39.95,0.15,24,24,0,1.5,0.0019,0.001,73.33,
6/11/21,KP,0,23.8,9.2,0.78,,21.47,1.22,,,,,0.35,0.0183,0.015,81.25,
6/22/21,KP,0,20.9,26.2,2.34,,20.77,0.87,,,,,0.29,0.0557,0.046,83.33,
7/2/21,KP,0,21.7,33.4,2.9,,16.68,0.82,,,,,0.35,0.0297,0.022,75.51,
7/7/21,KP,0,24.5,45.7,3.82,,,,,,,,0.265,,,,
7/14/21,KP,0,22.9,69.3,5.99,,16.95,0.98,,,,,0.35,0.0819,0.073,89.31,
7/27/21,KP,0,23.1,22.5,1.92,,,,,,,,0.43,0.0333,0.025,74,
8/3/21,KP,0,24.2,67.7,5.68,,17.43,0.96,,,,,0.35,0.0436,0.022,50,
1/14/22,KP,0,0.3,33.6,4.67,284.2,29.72,1.11,2,20,15,5,0.1,0.0757,0.027,35.85,
1/30/22,KP,0,0.2,7.2,0.92,406.3,43.66,0.94,0,32,27,5,0.15,0.125,0.05,40,
2/10/22,KP,0,0.4,37.4,4.53,581,50.08,1.05,6.5,36,29,7,0.1,0.2406,0.081,33.77,
6/11/21,L60-UW,0,32.4,151,11.1,,295.84,1.91,,,,,0.9,0.0057,0.003,56.1,
6/18/21,L60-UW,0,22.7,63,5.44,,39.75,5.25,,,,,0.8,0.0049,0.002,48.98,
7/2/21,L60-UW,0,23.1,10.8,0.94,,84.17,1.88,,,,,0.65,0.0072,0.006,77.78,
7/7/21,L60-UW,0,24.8,28.2,1.68,,,,,,,,0.275,,,,
7/13/21,L60-UW,0,23,54.1,4.64,,83.44,1.42,,,,,0.45,0.0187,0.015,80.36,
7/26/21,L60-UW,0,23.5,35.2,3.02,,,,,,,,0.19,0.01,0.008,80,
8/5/21,L60-UW,0,20.5,2.3,0.21,,94.74,1.74,,,,,0.35,0.021,0.015,69.05,
1/13/22,L60-UW,0,1.4,40.5,5.7,430.6,65.73,5.32,0.15,20,17.5,2.5,0.9,0.0048,0.003,57.89,
1/31/22,L60-UW,0,0.5,15.6,2.22,237.1,93.96,4.49,7.5,27,21,6,0.25,0.018,0.011,59.09,
2/9/22,L60-UW,0,0.4,37.1,5.27,629,114.71,3.87,0.5,35,33.5,1.5,0.3,0.0314,0.023,74.55,
6/3/21,LM-ARB,0,22.3,79.6,6.92,,176.26,6.19,,,,,0.325,0.0194,0.012,60.87,
6/15/21,LM-ARB,0,24.2,43,3.59,,189.04,4.55,,,,,0.175,0.0537,0.025,47.06,
6/30/21,LM-ARB,0,27.2,94.2,7.48,,55.9,2.98,,,,,0.275,0.0177,0.011,60.38,
7/8/21,LM-ARB,0,22,11.7,1.02,,,,,,,,0.525,,,,
7/13/21,LM-ARB,0,22.4,46.4,4.02,,50.27,5.01,,,,,0.26,0.0337,0.017,51.49,
7/30/21,LM-ARB,0,25.3,47.4,3.88,,,,,,,,0.29,0.0188,0.014,72.37,
8/2/21,LM-ARB,0,23.3,87.9,7.45,,37.01,5.53,,,,,0.165,0.043,0.028,65.12,
1/12/22,LM-ARB,0,1.4,60,7.94,788,109.63,16.32,0,24,16,8,0.45,0.0072,0.005,69.77,
1/31/22,LM-ARB,0,0.3,31.6,4.54,907,138.65,20.38,0,42,22,20,0.6,0.0065,0.006,92.31,
2/11/22,LM-ARB,0,0.7,38.4,4.69,1239,183.91,22.24,0,47,29,18,0.5,0.0109,0.005,45.45,
6/10/21,MDT,0,28.1,117.1,9.15,,63.5,2.86,,,,,1.4,0.0025,0.002,88,
6/17/21,MDT,0,25.5,156.5,12.82,,70.13,2.51,,,,,0.6,0.0097,0.008,83.93,
6/30/21,MDT,0,25.1,108.8,8.98,,15.47,1.83,,,,,0.725,0.0088,0.008,89.66,
7/8/21,MDT,0,22.8,40.9,3.53,,,,,,,,0.55,,,,
7/20/21,MDT,0,25.1,79.2,6.52,,11.61,1.76,,,,,0.525,0.0108,0.01,90.7,
7/26/21,MDT,0,26.3,81.8,6.6,,,,,,,,0.69,0.0084,0.007,81.82,
8/5/21,MDT,0,25.1,93.2,7.69,,9.45,2.1,,,,,0.4,0.0087,0.008,95.24,
1/14/22,MDT,0,2.2,110.7,15.15,198.7,19.73,3.43,3,23,21,2,0.45,0.0117,0.011,91.18,
1/30/22,MDT,0,1.1,69.2,9.72,218.9,28.31,3.66,8,31,25,6,0.45,0.0205,0.017,82.93,
2/10/22,MDT,0,0,87.6,12.6,298,37.7,4.09,4,34.5,30,4.5,0.4,0.0184,0.016,85.96,
6/11/21,O-N,0,31.1,202.4,15.01,,85.47,18.76,,,,,0.275,0.0332,0.014,41.84,
6/22/21,O-N,0,21.7,52.4,4.61,,49.46,11.55,,,,,0.275,0.0254,0.009,33.61,
7/1/21,O-N,0,24.7,79.3,6.59,,54.94,11.95,,,,,0.29,0.0343,0.012,35.19,
7/7/21,O-N,0,27,82.8,6.6,,,,,,,,,,,,
7/14/21,O-N,0,25.3,140.5,11.55,,,,,,,,0.425,0.0222,0.013,59.02,
7/27/21,O-N,0,26,81.1,6.57,,,,,,,,0.29,0.0418,0.019,46.41,
8/3/21,O-N,0,27,144.3,11.51,,54.43,12.46,,,,,0.5,0.0479,0.039,80.45,
1/14/22,O-N,0,0.4,120.5,17.11,590,52.07,15.93,0,19,14,5,0.55,0.0057,0.005,95,
1/30/22,O-N,0,2.3,140.8,19.31,597,63.02,19.1,0,37,33.5,3.5,0.55,0.0051,0.003,52.63,
2/10/22,O-N,0,2.1,140.4,19.53,707,56.25,17.31,3,33,27.5,5.5,0.5,0.0081,0.003,30.77,
6/11/21,O-S,0,29.5,127.9,9.74,,97.65,13.43,,,,,0.55,0.0162,0.006,39.73,
6/22/21,O-S,0,23.3,61.9,5.25,,62.53,10.15,,,,,0.35,0.0156,0.006,36.84,
7/1/21,O-S,0,24.2,52.1,4.36,,55.93,8.9,,,,,0.45,0.0241,0.008,32.53,
7/7/21,O-S,0,26.5,37.2,3.99,,,,,,,,,,,,
7/14/21,O-S,0,24.2,77.6,6.51,,63.43,10.49,,,,,0.625,0.0074,0.003,39.19,
7/27/21,O-S,0,25.6,71,5.82,,,,,,,,0.825,0.0132,0.006,43.12,
8/3/21,O-S,0,25.6,122.5,9.93,,52.19,10.09,,,,,0.565,0.0438,0.025,57.33,
1/14/22,O-S,0,1.2,117.6,16.44,557,63.95,8.73,0,24,12,12,0.75,0.0024,0.002,70.83,
1/30/22,O-S,0,0.8,87.9,12.52,546,65.88,11.05,6.5,35,29,6,0.35,0.0134,0.003,22.34,
2/10/22,O-S,0,1,98.6,13.84,676,67.78,10.1,0,38,32.5,5.5,0.45,0.0108,0.002,20.37,
6/2/21,OPP-E,0,21.5,133,11.75,183.3,7.44,4.38,,,,,0.29,0.0446,0.012,25.98,
6/14/21,OPP-E,0,27,139.3,11.09,,8.29,3.9,,,,,0.35,0.0168,0.013,78.57,
6/29/21,OPP-E,0,24.3,72.8,6.09,,11.3,7.1,,,,,0.285,0.0312,0.021,67.19,
7/7/21,OPP-E,0,26.3,105.6,8.51,,,,,,,,,,,,
7/12/21,OPP-E,0,23.3,97.3,8.3,,10.95,5.1,,,,,0.275,0.0369,0.027,73.61,
7/30/21,OPP-E,0,25.2,78.5,6.46,,,,,,,,0.25,0.0416,0.032,76.62,
8/3/21,OPP-E,0,23.6,128.3,10.84,,11.95,4.48,,,,,0.215,0.0571,0.049,86.25,
1/12/22,OPP-E,0,2.1,64.6,8.95,196.6,8.26,4.47,2.5,20,7,13,0.1,0.0264,0.024,89.39,
1/31/22,OPP-E,0,0.7,12.4,12.4,189.4,8.25,3.49,10,25,19,6,0.4,0.0407,0.038,93.44,
2/11/22,OPP-E,0,0.9,42.8,5.84,232,9.52,2.41,6,28,24,4,0.33,0.0333,0.027,82.22,
6/2/21,OPP-W,0,23.9,158.4,13.34,,58.29,14.68,,,,,0.15,0.0197,0.013,66.13,
6/14/21,OPP-W,0,25.9,158.7,12.85,,65.18,5.29,,,,,0.275,0.0156,0.013,85.71,
6/29/21,OPP-W,0,24.2,21.3,1.79,,10.47,1.96,,,,,0.375,0.0211,0.018,83.78,
7/7/21,OPP-W,0,26.4,95.1,7.65,,,,,,,,,,,,
7/12/21,OPP-W,0,23,103.2,8.85,,8.95,1.11,,,,,0.26,0.0586,0.05,85.37,
7/30/21,OPP-W,0,24.3,8.5,0.71,,,,,,,,0.325,0.0321,0.028,86.67,
8/3/21,OPP-W,0,22.6,25.7,2.29,,6.25,1.55,,,,,0.295,0.0458,0.041,90.14,
1/12/22,OPP-W,0,1.5,20.6,2.84,205.9,16.58,4.66,3,12,8,4,0.15,0.026,0.025,94.87,
1/31/22,OPP-W,0,0.7,9.1,1.29,320.2,44.86,7.21,0,25,20,5,0.3,0.035,0.024,69.39,
2/11/22,OPP-W,0,0.5,15.7,2.11,400.3,46.68,5.82,4,29.5,23.5,6,0.33,0.04,0.029,72.5,
6/3/21,UM-ARB,0,20.4,108,9.72,,172.14,6.83,,,,,0.275,0.0325,0.02,62.31,
6/15/21,UM-ARB,0,25.8,115.8,9.46,,187.96,5.8,,,,,0.135,0.0611,0.03,49.14,
6/30/21,UM-ARB,0,27.7,114.8,9.06,,55.64,2.7,,,,,0.275,0.0317,0.023,71.58,
7/8/21,UM-ARB,0,22,7.8,0.67,,,,,,,,0.375,,,,
7/13/21,UM-ARB,0,23.3,103.4,8.82,,53.51,5.08,,,,,0.29,0.0312,0.019,61.17,
7/30/21,UM-ARB,0,25.4,50.3,4.11,,,,,,,,0.305,0.0431,0.021,48.8,
8/2/21,UM-ARB,0,24.7,129.1,10.77,,40.08,6.73,,,,,0.26,0.0388,0.025,64.52,
1/12/22,UM-ARB,0,3.4,21,2.87,777,107.46,16.27,2.75,14,10,4,0.5,0.0098,0.007,71.43,
1/31/22,UM-ARB,0,0.6,13.5,1.9,882,132.63,19.7,3,25,16,9,0.5,0.0076,0.004,56.67,
2/11/22,UM-ARB,0,0.8,20.2,2.41,1315,208.44,22.91,0,30,22,8,0.5,0.0066,0.003,51.52,
6/2/21,DOBA7,0.1,25.5,133.8,10.97,547,,,,,,,,,,,
6/8/21,ALC,0.25,24.2,62.3,5.25,1349,,,,,,,,,,,
6/15/21,ALC,0.25,23.1,77.5,6.6,1625,,,,,,,,,,,
7/2/21,ALC,0.25,23.4,37.1,3.16,681,,,,,,,,,,,
7/8/21,ALC,0.25,21.2,80.1,7.1,843,,,,,,,,,,,
7/27/21,ALC,0.25,22.9,37.9,3.25,850,,,,,,,,,,,
8/3/21,ALC,0.25,20.2,23.7,2.13,849,,,,,,,,,,,
1/13/22,ALC,0.25,1.6,49.4,6.85,1252,,,,,,,,,,,
1/27/22,ALC,0.25,1,13.02,2.81,1454,,,,,,,,,,,
2/9/22,ALC,0.25,0.4,4.7,0.66,1978,,,,,,,,,,,
6/7/21,CAP,0.25,26.3,38.9,3.14,350.2,,,,,,,,,,,
6/16/21,CAP,0.25,25.9,74.4,6.04,372.8,,,,,,,,,,,
7/1/21,CAP,0.25,28,70.2,5.49,102.2,,,,,,,,,,,
7/8/21,CAP,0.25,23.6,5.1,0.43,112.7,,,,,,,,,,,
7/16/21,CAP,0.25,23.2,25.4,2.17,105.4,,,,,,,,,,,
7/29/21,CAP,0.25,25.6,3.8,0.31,108.7,,,,,,,,,,,
8/4/21,CAP,0.25,23.8,11.5,0.96,126.8,,,,,,,,,,,
1/13/22,CAP,0.25,3,18.9,2.56,173.1,,,,,,,,,,,
1/27/22,CAP,0.25,1.2,8.3,1.15,224.3,,,,,,,,,,,
2/9/22,CAP,0.25,0.8,19.9,2.84,619,,,,,,,,,,,
6/9/21,DCSW1,0.25,26,114,9.2,354,,,,,,,,,,,
6/21/21,DCSW1,0.25,22.6,45.2,3.9,213,,,,,,,,,,,
7/1/21,DCSW1,0.25,24.3,49.2,4.11,285.3,,,,,,,,,,,
7/9/21,DCSW1,0.25,23.2,12.9,1.1,370.1,,,,,,,,,,,
7/19/21,DCSW1,0.25,24.6,42.4,3.53,257.4,,,,,,,,,,,
7/29/21,DCSW1,0.25,25.5,21.1,1.73,407.3,,,,,,,,,,,
8/4/21,DCSW1,0.25,24.6,74,6.17,269.1,,,,,,,,,,,
1/13/22,DCSW1,0.25,2.9,100,13.67,514,,,,,,,,,,,
1/27/22,DCSW1,0.25,2.2,61.2,8.21,493,,,,,,,,,,,
2/9/22,DCSW1,0.25,1.8,13.1,1.81,611,,,,,,,,,,,
6/9/21,DCSW2,0.25,25.7,183.3,14.88,557,,,,,,,,,,,
6/21/21,DCSW2,0.25,22.4,19.5,1.69,376.2,,,,,,,,,,,
7/1/21,DCSW2,0.25,24.5,75.5,6.24,304.4,,,,,,,,,,,
7/9/21,DCSW2,0.25,22.9,98.6,8.46,416.7,,,,,,,,,,,
7/19/21,DCSW2,0.25,24.3,126.5,10.57,414.2,,,,,,,,,,,
7/29/21,DCSW2,0.25,24.6,34.3,2.85,406.8,,,,,,,,,,,
8/4/21,DCSW2,0.25,23.6,89.8,7.56,481.4,,,,,,,,,,,
1/13/22,DCSW2,0.25,1.9,112.8,15.65,615,,,,,,,,,,,
1/27/22,DCSW2,0.25,1.4,68.7,9.63,586,,,,,,,,,,,
2/9/22,DCSW2,0.25,0.5,25.6,3.68,697,,,,,,,,,,,
6/9/21,DCSW3,0.25,27.9,152.9,12.02,578,,,,,,,,,,,
6/21/21,DCSW3,0.25,22.2,18.6,1.62,400,,,,,,,,,,,
7/1/21,DCSW3,0.25,24.9,26.1,2.16,180.4,,,,,,,,,,,
7/9/21,DCSW3,0.25,23.8,13,1.1,239.8,,,,,,,,,,,
7/19/21,DCSW3,0.25,24.5,55.2,4.61,388,,,,,,,,,,,
7/29/21,DCSW3,0.25,25.6,68.9,5.62,86.9,,,,,,,,,,,
8/4/21,DCSW3,0.25,23.7,43,3.64,419.7,,,,,,,,,,,
1/13/22,DCSW3,0.25,2.25,82.2,10.97,182.7,,,,,,,,,,,
1/27/22,DCSW3,0.25,0.8,75.9,10.43,186.4,,,,,,,,,,,
2/9/22,DCSW3,0.25,1.2,40.4,5.73,253.4,,,,,,,,,,,
6/7/21,DOBA4,0.25,25.8,90.9,7.39,288,,,,,,,,,,,
6/16/21,DOBA4,0.25,24.1,88.3,7.41,305.1,,,,,,,,,,,
7/1/21,DOBA4,0.25,25.2,100.8,8.3,91.2,,,,,,,,,,,
7/9/21,DOBA4,0.25,23.8,119.2,10.08,95.5,,,,,,,,,,,
7/16/21,DOBA4,0.25,23.9,104.5,8.81,86.1,,,,,,,,,,,
8/4/21,DOBA4,0.25,22.9,83,7.13,92.8,,,,,,,,,,,
1/13/22,DOBA4,0.25,2.3,100.7,13.57,149.1,,,,,,,,,,,
1/27/22,DOBA4,0.25,1.4,60.1,8.17,150,,,,,,,,,,,
2/9/22,DOBA4,0.25,0.8,55.4,7.9,205.1,,,,,,,,,,,
6/7/21,DOBA5,0.25,27.9,99,7.75,377.3,,,,,,,,,,,
6/16/21,DOBA5,0.25,23.9,81.6,6.84,355.1,,,,,,,,,,,
7/1/21,DOBA5,0.25,27.2,104.5,8.3,121.07,,,,,,,,,,,
7/8/21,DOBA5,0.25,24.1,53.4,4.46,130.6,,,,,,,,,,,
7/16/21,DOBA5,0.25,25.8,142.9,11.64,122,,,,,,,,,,,
7/29/21,DOBA5,0.25,26.9,134.1,10.7,673,,,,,,,,,,,
8/4/21,DOBA5,0.25,23.8,127.2,10.75,122.3,,,,,,,,,,,
1/13/22,DOBA5,0.25,3.5,47.2,6.24,162.3,,,,,,,,,,,
1/27/22,DOBA5,0.25,1.7,3.7,0.51,161.4,,,,,,,,,,,
2/9/22,DOBA5,0.25,1,19.7,2.82,201.5,,,,,,,,,,,
6/2/21,DOBA7,0.25,22.9,136.3,11.47,563,,,,,,,,,,,
6/14/21,DOBA7,0.25,25,78.1,6.44,625,,,,,,,,,,,
6/29/21,DOBA7,0.25,24.1,59.5,5,195.5,,,,,,,,,,,
7/7/21,DOBA7,0.25,27,58,4.62,215.9,,,,,,,,,,,
7/12/21,DOBA7,0.25,24,105.2,8.85,230,,,,,,,,,,,
7/27/21,DOBA7,0.25,25,57,4.7,215.7,,,,,,,,,,,
8/3/21,DOBA7,0.25,24,102.6,8.64,208.1,,,,,,,,,,,
1/14/22,DOBA7,0.25,1.7,123.9,17.13,863,,,,,,,,,,,
1/31/22,DOBA7,0.25,0.6,82.5,11.84,1136,,,,,,,,,,,
2/11/22,DOBA7,0.25,0.7,51.3,7.31,1504,,,,,,,,,,,
6/10/21,DOBA8,0.25,28.6,58.6,4.54,271.1,,,,,,,,,,,
6/17/21,DOBA8,0.25,25.3,69.1,5.68,275.9,,,,,,,,,,,
6/30/21,DOBA8,0.25,25.1,95.6,7.88,109,,,,,,,,,,,
7/8/21,DOBA8,0.25,24.5,17.5,1.46,103.5,,,,,,,,,,,
7/20/21,DOBA8,0.25,25.7,69.5,5.68,101.2,,,,,,,,,,,
7/26/21,DOBA8,0.25,26.7,78.6,6.3,106.7,,,,,,,,,,,
8/5/21,DOBA8,0.25,25.1,111.4,9.18,95,,,,,,,,,,,
1/14/22,DOBA8,0.25,3.3,54.1,6.97,249.1,,,,,,,,,,,
1/30/22,DOBA8,0.25,2.7,2.7,0.37,262.2,,,,,,,,,,,
2/10/22,DOBA8,0.25,1.3,11.2,1.49,326,,,,,,,,,,,
6/8/21,ELV,0.25,26.6,105.2,8.39,567,,,,,,,,,,,
6/17/21,ELV,0.25,24.7,100.5,8.33,575,,,,,,,,,,,
6/30/21,ELV,0.25,25.9,56.9,4.63,258,,,,,,,,,,,
7/8/21,ELV,0.25,23.5,13.7,1.16,254.1,,,,,,,,,,,
7/20/21,ELV,0.25,25.7,98.3,8.01,222.5,,,,,,,,,,,
7/26/21,ELV,0.25,26.5,91.5,7.34,225.9,,,,,,,,,,,
8/3/21,ELV,0.25,24.2,63.7,5.34,211.4,,,,,,,,,,,
1/14/22,ELV,0.25,1.7,90,12.13,196.4,,,,,,,,,,,
1/30/22,ELV,0.25,0.9,80.1,11.47,186,,,,,,,,,,,
2/10/22,ELV,0.25,0.5,103.6,14.92,218.8,,,,,,,,,,,
6/10/21,HP-UW,0.25,26.7,157.8,12.59,1537,,,,,,,,,,,
6/18/21,HP-UW,0.25,23.2,90.4,7.71,386.1,,,,,,,,,,,
6/29/21,HP-UW,0.25,23.2,70.8,6.05,445.2,,,,,,,,,,,
7/7/21,HP-UW,0.25,25.2,94.9,7.73,999,,,,,,,,,,,
7/26/21,HP-UW,0.25,25.6,114.3,9.31,1276,,,,,,,,,,,
8/5/21,HP-UW,0.25,24.1,118.8,9.95,1244,,,,,,,,,,,
1/12/22,HP-UW,0.25,3.6,99.6,13.15,1915,,,,,,,,,,,
1/31/22,HP-UW,0.25,2.1,109.7,15.1,1606,,,,,,,,,,,
2/9/22,HP-UW,0.25,2.5,122.7,16.52,1823,,,,,,,,,,,
6/11/21,KP,0.25,23.5,2.6,0.21,178.3,,,,,,,,,,,
6/22/21,KP,0.25,18.8,19.4,1.81,178.4,,,,,,,,,,,
7/2/21,KP,0.25,21.4,30.3,2.67,171.4,,,,,,,,,,,
7/7/21,KP,0.25,24.4,29.5,2.48,169.7,,,,,,,,,,,
7/14/21,KP,0.25,22.8,72.6,6.24,170,,,,,,,,,,,
7/27/21,KP,0.25,23.1,19.5,1.66,176.1,,,,,,,,,,,
8/3/21,KP,0.25,20,38.8,3.45,191.7,,,,,,,,,,,
1/14/22,KP,0.25,0.4,28.3,3.97,277.2,,,,,,,,,,,
1/30/22,KP,0.25,0.1,1.2,0.17,404.4,,,,,,,,,,,
2/10/22,KP,0.25,0.5,11.3,1.19,575,,,,,,,,,,,
6/11/21,L60-UW,0.25,27.4,73.3,5.79,1295,,,,,,,,,,,
6/18/21,L60-UW,0.25,22.4,46,4,226.4,,,,,,,,,,,
7/2/21,L60-UW,0.25,22.6,6.8,0.59,453.4,,,,,,,,,,,
7/7/21,L60-UW,0.25,24.2,4.5,0.37,392.7,,,,,,,,,,,
7/13/21,L60-UW,0.25,19.8,2.9,0.26,461.7,,,,,,,,,,,
7/26/21,L60-UW,0.25,21.1,5.7,0.51,448.3,,,,,,,,,,,
8/5/21,L60-UW,0.25,18.9,2,0.17,544,,,,,,,,,,,
1/13/22,L60-UW,0.25,2.4,33.3,4.59,424.3,,,,,,,,,,,
1/31/22,L60-UW,0.25,0.5,11.1,1.59,457.3,,,,,,,,,,,
2/9/22,L60-UW,0.25,0.4,34.2,4.91,627,,,,,,,,,,,
6/3/21,LM-ARB,0.25,22.3,82.7,7.17,831,,,,,,,,,,,
6/15/21,LM-ARB,0.25,24.4,39.8,3.32,952,,,,,,,,,,,
6/30/21,LM-ARB,0.25,26.1,97.4,7.87,325.4,,,,,,,,,,,
7/8/21,LM-ARB,0.25,22,11.2,0.98,311.6,,,,,,,,,,,
7/13/21,LM-ARB,0.25,22.4,40.4,3.53,393.4,,,,,,,,,,,
7/30/21,LM-ARB,0.25,25.2,44.2,3.64,312,,,,,,,,,,,
8/2/21,LM-ARB,0.25,23.1,85.5,7.3,353,,,,,,,,,,,
1/12/22,LM-ARB,0.25,2.1,42,5.52,802,,,,,,,,,,,
1/31/22,LM-ARB,0.25,0.3,28.5,4.12,907,,,,,,,,,,,
2/11/22,LM-ARB,0.25,0.5,21.2,2.91,1236,,,,,,,,,,,
6/10/21,MDT,0.25,28.2,117.9,9.2,344.9,,,,,,,,,,,
6/17/21,MDT,0.25,25.5,157.3,12.88,363.9,,,,,,,,,,,
6/30/21,MDT,0.25,24.7,113.7,9.44,135.4,,,,,,,,,,,
7/8/21,MDT,0.25,22.9,40,3.43,133.3,,,,,,,,,,,
7/20/21,MDT,0.25,25.2,78.5,6.46,126.9,,,,,,,,,,,
7/26/21,MDT,0.25,26.4,81.1,6.52,133.7,,,,,,,,,,,
8/5/21,MDT,0.25,25.2,93.7,7.72,108.8,,,,,,,,,,,
1/14/22,MDT,0.25,3,111.1,14.93,197,,,,,,,,,,,
1/30/22,MDT,0.25,0.8,72.6,10.42,218.7,,,,,,,,,,,
2/10/22,MDT,0.25,0.2,80.3,11.57,293.6,,,,,,,,,,,
6/11/21,O-N,0.25,29.4,197,15.03,677,,,,,,,,,,,
6/22/21,O-N,0.25,21.7,51.9,4.56,465.5,,,,,,,,,,,
7/1/21,O-N,0.25,24.7,79.4,6.59,487.3,,,,,,,,,,,
7/7/21,O-N,0.25,27.1,82.8,6.59,488.9,,,,,,,,,,,
7/14/21,O-N,0.25,25,134.8,11.11,515,,,,,,,,,,,
7/27/21,O-N,0.25,26.3,81.3,6.55,502,,,,,,,,,,,
8/3/21,O-N,0.25,26.9,145.5,11.6,471.1,,,,,,,,,,,
1/14/22,O-N,0.25,3.1,120.5,15.76,594,,,,,,,,,,,
1/30/22,O-N,0.25,2.2,144,19.27,595,,,,,,,,,,,
2/10/22,O-N,0.25,2,138.3,19.01,704,,,,,,,,,,,
6/11/21,O-S,0.25,29.3,128,9.78,672,,,,,,,,,,,
6/22/21,O-S,0.25,22.8,47.8,4.11,494.1,,,,,,,,,,,
7/1/21,O-S,0.25,24.1,52,4.34,463,,,,,,,,,,,
7/7/21,O-S,0.25,26.6,36.7,2.94,454.8,,,,,,,,,,,
7/14/21,O-S,0.25,24.1,75.1,6.31,450.4,,,,,,,,,,,
7/27/21,O-S,0.25,25.7,71.8,5.86,417,,,,,,,,,,,
8/3/21,O-S,0.25,24.8,124,10.29,434.8,,,,,,,,,,,
1/14/22,O-S,0.25,1.5,115.9,16.09,543,,,,,,,,,,,
1/30/22,O-S,0.25,0.6,88.6,12.76,547,,,,,,,,,,,
2/10/22,O-S,0.25,1.1,88.5,12.44,674,,,,,,,,,,,
6/2/21,OPP-E,0.25,20.1,146.2,13.25,183,,,,,,,,,,,
6/14/21,OPP-E,0.25,27,138.5,11.05,194.6,,,,,,,,,,,
6/29/21,OPP-E,0.25,24.4,74.4,6.21,181.8,,,,,,,,,,,
7/7/21,OPP-E,0.25,26.4,101.7,8.19,184.3,,,,,,,,,,,
7/12/21,OPP-E,0.25,23.3,97.8,8.34,193.4,,,,,,,,,,,
7/30/21,OPP-E,0.25,25.3,75.9,6.32,212,,,,,,,,,,,
8/3/21,OPP-E,0.25,23.5,133.3,11.3,208.9,,,,,,,,,,,
1/12/22,OPP-E,0.25,2.1,53.2,7.18,194.8,,,,,,,,,,,
1/31/22,OPP-E,0.25,0.7,11.8,11.8,189,,,,,,,,,,,
2/11/22,OPP-E,0.25,0.9,35.3,4.97,225.1,,,,,,,,,,,
6/2/21,OPP-W,0.25,22,174.2,15.47,372,,,,,,,,,,,
6/14/21,OPP-W,0.25,25.5,133.9,11.07,389.7,,,,,,,,,,,
6/29/21,OPP-W,0.25,24.1,11.2,0.94,131.3,,,,,,,,,,,
7/7/21,OPP-W,0.25,26.5,58.7,4.73,131.9,,,,,,,,,,,
7/12/21,OPP-W,0.25,22.7,87,8.5,132.8,,,,,,,,,,,
7/30/21,OPP-W,0.25,24.4,5.3,0.44,103.4,,,,,,,,,,,
8/3/21,OPP-W,0.25,21.9,8.2,0.72,116.5,,,,,,,,,,,
1/12/22,OPP-W,0.25,1.2,14.2,1.99,205,,,,,,,,,,,
1/31/22,OPP-W,0.25,0.8,7.2,1.02,319.3,,,,,,,,,,,
2/11/22,OPP-W,0.25,0.5,8.3,1.15,394.4,,,,,,,,,,,
6/3/21,UM-ARB,0.25,20.2,107.2,9.69,814,,,,,,,,,,,
6/15/21,UM-ARB,0.25,25.4,105.4,8.54,954,,,,,,,,,,,
6/30/21,UM-ARB,0.25,26.5,123.6,10.08,317.9,,,,,,,,,,,
7/8/21,UM-ARB,0.25,22.1,7.1,0.62,293.8,,,,,,,,,,,
7/13/21,UM-ARB,0.25,23.3,103.9,8.86,393.1,,,,,,,,,,,
7/30/21,UM-ARB,0.25,25.4,49.2,4.03,291.1,,,,,,,,,,,
8/2/21,UM-ARB,0.25,24.2,125.2,10.47,347.1,,,,,,,,,,,
1/12/22,UM-ARB,0.25,2.7,10.1,1.31,781,,,,,,,,,,,
1/31/22,UM-ARB,0.25,0.5,6.2,0.89,881,,,,,,,,,,,
2/11/22,UM-ARB,0.25,1.5,12.4,1.71,1303,,,,,,,,,,,
6/8/21,ALC,0.5,23.8,28,2.36,1385,,,,,,,,,,,
6/15/21,ALC,0.5,22,45.1,3.92,1535,,,,,,,,,,,
7/2/21,ALC,0.5,22.4,11.6,1,683,,,,,,,,,,,
7/8/21,ALC,0.5,20.7,36.5,3.26,844,,,,,,,,,,,
7/27/21,ALC,0.5,22.7,30.5,2.63,852,,,,,,,,,,,
8/3/21,ALC,0.5,19.8,31.7,2.9,849,,,,,,,,,,,
1/13/22,ALC,0.5,2.9,46.9,2.23,1368,,,,,,,,,,,
1/27/22,ALC,0.5,1.3,8.2,0.94,1440,,,,,,,,,,,
2/9/22,ALC,0.5,0.7,3.5,0.47,1983,,,,,,,,,,,
6/7/21,CAP,0.5,26.3,39.1,3.15,348,,,,,,,,,,,
6/16/21,CAP,0.5,25.5,76.5,6.28,371.3,,,,,,,,,,,
7/1/21,CAP,0.5,26.2,62.9,5.09,104.6,,,,,,,,,,,
7/8/21,CAP,0.5,23.6,2.8,0.23,113.4,,,,,,,,,,,
7/16/21,CAP,0.5,23.2,19.6,1.69,105.9,,,,,,,,,,,
7/29/21,CAP,0.5,25.1,1.6,0.13,102.6,,,,,,,,,,,
8/4/21,CAP,0.5,23.1,15,0.43,124.2,,,,,,,,,,,
1/13/22,CAP,0.5,3.4,7.4,0.97,177.3,,,,,,,,,,,
1/27/22,CAP,0.5,1.5,6.3,0.74,226.5,,,,,,,,,,,
2/9/22,CAP,0.5,1.2,18.8,2.63,602,,,,,,,,,,,
6/9/21,DCSW1,0.5,25.2,54.7,4.47,385.2,,,,,,,,,,,
6/21/21,DCSW1,0.5,22.6,45.2,3.89,213.6,,,,,,,,,,,
7/1/21,DCSW1,0.5,24.3,49.3,4.12,286.6,,,,,,,,,,,
7/9/21,DCSW1,0.5,22.7,5.5,0.47,371.9,,,,,,,,,,,
7/19/21,DCSW1,0.5,24.4,39.1,3.26,258.7,,,,,,,,,,,
7/29/21,DCSW1,0.5,25.5,21.1,1.72,406.6,,,,,,,,,,,
8/4/21,DCSW1,0.5,24,68.9,5.81,262.4,,,,,,,,,,,
1/13/22,DCSW1,0.5,3.1,101.4,13.72,517,,,,,,,,,,,
1/27/22,DCSW1,0.5,2.6,55.8,7.47,491.9,,,,,,,,,,,
2/9/22,DCSW1,0.5,1.7,11.9,1.65,613,,,,,,,,,,,
6/9/21,DCSW2,0.5,24.1,126.5,10.63,574,,,,,,,,,,,
6/21/21,DCSW2,0.5,22.2,15.9,1.39,378.7,,,,,,,,,,,
7/1/21,DCSW2,0.5,23.9,17.6,1.44,292,,,,,,,,,,,
7/9/21,DCSW2,0.5,22.2,50.1,4.35,415.9,,,,,,,,,,,
7/19/21,DCSW2,0.5,23.6,65.8,5.58,409.2,,,,,,,,,,,
7/29/21,DCSW2,0.5,24.6,31.5,2.62,406.7,,,,,,,,,,,
8/4/21,DCSW2,0.5,23,85.9,7.35,465.6,,,,,,,,,,,
1/13/22,DCSW2,0.5,2.2,114.7,15.73,612,,,,,,,,,,,
1/27/22,DCSW2,0.5,1.8,65.3,8.69,583,,,,,,,,,,,
2/9/22,DCSW2,0.5,1,23.8,3.37,614,,,,,,,,,,,
6/9/21,DCSW3,0.5,25.8,186.3,15.2,581,,,,,,,,,,,
6/21/21,DCSW3,0.5,22.2,18.5,1.61,400.2,,,,,,,,,,,
7/1/21,DCSW3,0.5,24.9,25.9,2.15,180.2,,,,,,,,,,,
7/9/21,DCSW3,0.5,23.8,12.8,1.08,239.8,,,,,,,,,,,
7/19/21,DCSW3,0.5,24.1,47.3,3.97,385.6,,,,,,,,,,,
7/29/21,DCSW3,0.5,25.5,54,4.41,86.8,,,,,,,,,,,
8/4/21,DCSW3,0.5,23.3,37.2,3.19,419.2,,,,,,,,,,,
1/13/22,DCSW3,0.5,3.4,76.6,10.11,187.5,,,,,,,,,,,
1/27/22,DCSW3,0.5,1.6,67.9,9.18,184.3,,,,,,,,,,,
2/9/22,DCSW3,0.5,1.4,41.2,5.76,252.5,,,,,,,,,,,
6/7/21,DOBA4,0.5,25.7,91.3,7.44,288.3,,,,,,,,,,,
6/16/21,DOBA4,0.5,23.6,84.8,7.18,306,,,,,,,,,,,
7/1/21,DOBA4,0.5,24.7,96.6,8.04,91.5,,,,,,,,,,,
7/9/21,DOBA4,0.5,22.2,82.1,7.17,93.8,,,,,,,,,,,
7/16/21,DOBA4,0.5,23.2,86.8,7.44,86.3,,,,,,,,,,,
8/4/21,DOBA4,0.5,22.4,75.3,6.53,96.5,,,,,,,,,,,
1/13/22,DOBA4,0.5,2.9,72.2,9.6,148,,,,,,,,,,,
1/27/22,DOBA4,0.5,1.9,45.4,5.96,148.2,,,,,,,,,,,
2/9/22,DOBA4,0.5,0.9,57.9,8.44,202.9,,,,,,,,,,,
6/7/21,DOBA5,0.5,27.4,86.7,6.45,380.1,,,,,,,,,,,
6/16/21,DOBA5,0.5,23.9,80.1,6.76,355.4,,,,,,,,,,,
7/1/21,DOBA5,0.5,26.3,104.5,8.48,121.9,,,,,,,,,,,
7/8/21,DOBA5,0.5,24,51.2,4.3,130.9,,,,,,,,,,,
7/16/21,DOBA5,0.5,24.2,118.4,9.93,120,,,,,,,,,,,
7/29/21,DOBA5,0.5,26.2,112.2,9.09,125.6,,,,,,,,,,,
8/4/21,DOBA5,0.5,23.4,107.2,9.12,122.4,,,,,,,,,,,
1/13/22,DOBA5,0.5,3.6,43.2,5.71,161.9,,,,,,,,,,,
1/27/22,DOBA5,0.5,2.6,2.8,0.38,159.2,,,,,,,,,,,
2/9/22,DOBA5,0.5,1.8,13,2,200.9,,,,,,,,,,,
6/2/21,DOBA7,0.5,19.8,119.1,10.81,554,,,,,,,,,,,
6/14/21,DOBA7,0.5,25,74.7,6.16,625,,,,,,,,,,,
6/29/21,DOBA7,0.5,24,58,4.88,195.2,,,,,,,,,,,
7/7/21,DOBA7,0.5,27,58.6,4.66,215.9,,,,,,,,,,,
7/12/21,DOBA7,0.5,23.9,104.2,8.75,230,,,,,,,,,,,
7/27/21,DOBA7,0.5,25.1,55.55,4.57,215.9,,,,,,,,,,,
8/3/21,DOBA7,0.5,23.8,100,8.42,211.3,,,,,,,,,,,
1/14/22,DOBA7,0.5,2.3,128.9,17.5,865,,,,,,,,,,,
1/31/22,DOBA7,0.5,0.6,85.6,12.26,1095,,,,,,,,,,,
2/11/22,DOBA7,0.5,2.3,35,4.01,1914,,,,,,,,,,,
6/10/21,DOBA8,0.5,28.1,59.9,4.68,270.6,,,,,,,,,,,
6/17/21,DOBA8,0.5,25.2,68.1,5.61,276.3,,,,,,,,,,,
6/30/21,DOBA8,0.5,24.5,111,9.24,107.6,,,,,,,,,,,
7/8/21,DOBA8,0.5,24.5,15.8,1.32,103.6,,,,,,,,,,,
7/20/21,DOBA8,0.5,25.6,65.6,3.35,101.2,,,,,,,,,,,
7/26/21,DOBA8,0.5,26.7,78.1,6.25,106.5,,,,,,,,,,,
8/5/21,DOBA8,0.5,25,113.3,9.34,95.5,,,,,,,,,,,
1/14/22,DOBA8,0.5,3.8,42,5.31,267.4,,,,,,,,,,,
1/30/22,DOBA8,0.5,2.6,1.7,0.22,262,,,,,,,,,,,
2/10/22,DOBA8,0.5,1.9,6.6,0.85,325.1,,,,,,,,,,,
6/8/21,ELV,0.5,25.9,100.1,8.12,567,,,,,,,,,,,
6/17/21,ELV,0.5,24.6,101.7,8.45,574,,,,,,,,,,,
6/30/21,ELV,0.5,24,43.8,3.68,256.3,,,,,,,,,,,
7/8/21,ELV,0.5,23.6,13.7,1.16,254.3,,,,,,,,,,,
7/20/21,ELV,0.5,25.7,98.2,8.01,222.1,,,,,,,,,,,
7/26/21,ELV,0.5,26.3,91.7,7.39,226.5,,,,,,,,,,,
8/3/21,ELV,0.5,24.2,63.8,5.35,211.5,,,,,,,,,,,
1/14/22,ELV,0.5,2.7,89.3,11.43,199.7,,,,,,,,,,,
1/30/22,ELV,0.5,1.4,63,8.83,185.7,,,,,,,,,,,
2/10/22,ELV,0.5,0.6,105.6,15.06,218,,,,,,,,,,,
6/10/21,HP-UW,0.5,25.5,185.1,15.1,1530,,,,,,,,,,,
6/18/21,HP-UW,0.5,23.1,87.4,7.48,397.2,,,,,,,,,,,
6/29/21,HP-UW,0.5,22.1,65.7,5.73,399.8,,,,,,,,,,,
7/7/21,HP-UW,0.5,25.3,94.9,7.78,1000,,,,,,,,,,,
7/26/21,HP-UW,0.5,24.9,114.2,9.41,1257,,,,,,,,,,,
8/5/21,HP-UW,0.5,24,122.6,10.29,1249,,,,,,,,,,,
1/12/22,HP-UW,0.5,3.7,100.7,13.21,1915,,,,,,,,,,,
1/31/22,HP-UW,0.5,2.8,111.8,15.03,1558,,,,,,,,,,,
2/9/22,HP-UW,0.5,3.9,140.5,18.36,1861,,,,,,,,,,,
6/11/21,KP,0.5,20,0.9,0.08,204.5,,,,,,,,,,,
6/22/21,KP,0.5,18.2,14.8,1.4,174.7,,,,,,,,,,,
7/2/21,KP,0.5,21.2,11.8,1.05,170.7,,,,,,,,,,,
7/7/21,KP,0.5,23.6,2,0.2,174.8,,,,,,,,,,,
7/14/21,KP,0.5,21.4,4.9,0.42,171.8,,,,,,,,,,,
7/27/21,KP,0.5,22.8,8,0.69,178,,,,,,,,,,,
8/3/21,KP,0.5,18.8,20.3,1.88,182.7,,,,,,,,,,,
1/14/22,KP,0.5,1.1,17.4,2.35,292,,,,,,,,,,,
1/30/22,KP,0.5,0.3,0.6,0.08,406.1,,,,,,,,,,,
2/10/22,KP,0.5,0.2,5.1,0.7,574,,,,,,,,,,,
6/11/21,L60-UW,0.5,24.8,5.6,0.46,1248,,,,,,,,,,,
6/18/21,L60-UW,0.5,22,17.3,1.5,488,,,,,,,,,,,
7/2/21,L60-UW,0.5,21.6,3.7,0.32,499.6,,,,,,,,,,,
7/7/21,L60-UW,0.5,22.3,1,0.09,490.5,,,,,,,,,,,
7/13/21,L60-UW,0.5,18.7,2,0.18,517,,,,,,,,,,,
7/26/21,L60-UW,0.5,19.3,1.7,0.15,511,,,,,,,,,,,
8/5/21,L60-UW,0.5,18,1.5,0.14,564,,,,,,,,,,,
1/13/22,L60-UW,0.5,3.1,23.5,3.12,427.7,,,,,,,,,,,
1/31/22,L60-UW,0.5,0.4,8.6,1.23,455.6,,,,,,,,,,,
2/9/22,L60-UW,0.5,0.6,31.8,4.53,629,,,,,,,,,,,
6/15/21,LM-ARB,0.5,24.4,35.4,2.96,955,,,,,,,,,,,
6/30/21,LM-ARB,0.5,25.2,92.6,7.62,316.2,,,,,,,,,,,
7/8/21,LM-ARB,0.5,22,10.5,0.91,311.9,,,,,,,,,,,
7/13/21,LM-ARB,0.5,22.4,34.4,2.96,394.3,,,,,,,,,,,
7/30/21,LM-ARB,0.5,25.1,39.7,3.27,312.4,,,,,,,,,,,
8/2/21,LM-ARB,0.5,22.5,68,5.89,353.9,,,,,,,,,,,
1/12/22,LM-ARB,0.5,2.3,34.2,4.65,894,,,,,,,,,,,
1/31/22,LM-ARB,0.5,0.7,25.3,3.62,900,,,,,,,,,,,
6/10/21,MDT,0.5,28,121.6,9.5,345.7,,,,,,,,,,,
6/17/21,MDT,0.5,25.4,159,13.04,365.8,,,,,,,,,,,
6/30/21,MDT,0.5,24.3,102.4,8.57,135.3,,,,,,,,,,,
7/8/21,MDT,0.5,22.9,36.4,3.12,133.3,,,,,,,,,,,
7/20/21,MDT,0.5,25,73.2,6.06,127.5,,,,,,,,,,,
7/26/21,MDT,0.5,26.3,74.6,6.03,135.5,,,,,,,,,,,
8/5/21,MDT,0.5,24.8,88.7,7.39,109.8,,,,,,,,,,,
1/14/22,MDT,0.5,3.1,110.6,14.8,199.2,,,,,,,,,,,
1/30/22,MDT,0.5,1,75,10.54,216.8,,,,,,,,,,,
2/10/22,MDT,0.5,0.5,79.3,11.4,293.7,,,,,,,,,,,
6/11/21,O-N,0.5,28.3,140,10.98,677,,,,,,,,,,,
6/22/21,O-N,0.5,21.7,51.8,4.55,471.6,,,,,,,,,,,
7/1/21,O-N,0.5,24.7,78,6.46,487.9,,,,,,,,,,,
7/7/21,O-N,0.5,27.1,83,6.59,490,,,,,,,,,,,
7/14/21,O-N,0.5,24.1,76.2,6.4,520,,,,,,,,,,,
7/27/21,O-N,0.5,26.3,80.3,6.46,502,,,,,,,,,,,
8/3/21,O-N,0.5,26.3,120.3,9.7,480.7,,,,,,,,,,,
1/14/22,O-N,0.5,3.7,119.3,15.67,608,,,,,,,,,,,
1/30/22,O-N,0.5,2.6,149.1,20.08,583,,,,,,,,,,,
2/10/22,O-N,0.5,3.8,139.1,18.38,713,,,,,,,,,,,
6/11/21,O-S,0.5,28.6,86.5,6.69,672,,,,,,,,,,,
6/22/21,O-S,0.5,22,38.6,3.37,491.2,,,,,,,,,,,
7/1/21,O-S,0.5,24.1,50.2,4.22,463.5,,,,,,,,,,,
7/7/21,O-S,0.5,26.6,34,2.79,459.9,,,,,,,,,,,
7/14/21,O-S,0.5,23.7,62.7,5.29,450.6,,,,,,,,,,,
7/27/21,O-S,0.5,25.7,68.3,5.57,418.4,,,,,,,,,,,
8/3/21,O-S,0.5,23.3,94.1,7.83,422.3,,,,,,,,,,,
1/14/22,O-S,0.5,3,111.1,15.31,563,,,,,,,,,,,
1/30/22,O-S,0.5,1.1,89.9,12.68,538,,,,,,,,,,,
2/10/22,O-S,0.5,1.5,88.1,12.07,668,,,,,,,,,,,
6/2/21,OPP-E,0.5,18.6,141.6,13.25,183.4,,,,,,,,,,,
6/14/21,OPP-E,0.5,26.3,115.2,9.32,195.5,,,,,,,,,,,
6/29/21,OPP-E,0.5,24.4,69.3,8.79,183.8,,,,,,,,,,,
7/7/21,OPP-E,0.5,26.3,54.5,4.38,185.6,,,,,,,,,,,
7/12/21,OPP-E,0.5,23.2,89.6,7.66,193.7,,,,,,,,,,,
7/30/21,OPP-E,0.5,25.3,71.7,5.89,212.5,,,,,,,,,,,
8/3/21,OPP-E,0.5,23,89.4,7.61,210.4,,,,,,,,,,,
1/12/22,OPP-E,0.5,3.4,34.4,4.48,188.8,,,,,,,,,,,
1/31/22,OPP-E,0.5,0.9,9.3,9.3,187.8,,,,,,,,,,,
2/11/22,OPP-E,0.5,1.4,17.8,2.32,226.6,,,,,,,,,,,
6/2/21,OPP-W,0.5,19.9,176,16.02,364.3,,,,,,,,,,,
6/14/21,OPP-W,0.5,24.7,23.3,1.92,389.5,,,,,,,,,,,
6/29/21,OPP-W,0.5,24.1,6.5,0.55,131.5,,,,,,,,,,,
7/7/21,OPP-W,0.5,26.5,44.5,3.98,132.7,,,,,,,,,,,
7/12/21,OPP-W,0.5,22.3,22,1.95,133.8,,,,,,,,,,,
7/30/21,OPP-W,0.5,24.2,1.6,0.13,102.2,,,,,,,,,,,
8/3/21,OPP-W,0.5,21.8,2,0.17,120.8,,,,,,,,,,,
1/12/22,OPP-W,0.5,1.3,9.4,1.31,204.5,,,,,,,,,,,
1/31/22,OPP-W,0.5,0.7,5.3,0.76,319.3,,,,,,,,,,,
2/11/22,OPP-W,0.5,0.9,4.3,0.61,397,,,,,,,,,,,
6/3/21,UM-ARB,0.5,20,103.2,9.34,827,,,,,,,,,,,
6/15/21,UM-ARB,0.5,25,77.2,6.37,948,,,,,,,,,,,
6/30/21,UM-ARB,0.5,24.4,108.3,8.98,311.2,,,,,,,,,,,
7/8/21,UM-ARB,0.5,22.1,6.8,0.59,294.8,,,,,,,,,,,
7/13/21,UM-ARB,0.5,23,94.9,8.14,393.8,,,,,,,,,,,
7/30/21,UM-ARB,0.5,25.1,34.8,2.88,292.3,,,,,,,,,,,
8/2/21,UM-ARB,0.5,23.2,83,7.11,350.6,,,,,,,,,,,
1/12/22,UM-ARB,0.5,2.9,6,0.76,783,,,,,,,,,,,
1/31/22,UM-ARB,0.5,1.5,4.9,0.68,870,,,,,,,,,,,
2/11/22,UM-ARB,0.5,2.4,17.5,2.42,1345,,,,,,,,,,,
6/15/21,ALC,0.75,21.9,42.8,3.72,1519,,,,,,,,,,,
7/2/21,ALC,0.75,22.2,3.8,0.33,704,,,,,,,,,,,
7/27/21,ALC,0.75,22.4,17.4,1.5,867,,,,,,,,,,,
8/3/21,ALC,0.75,19.4,42.5,3.9,839,,,,,,,,,,,
1/27/22,ALC,0.75,2.5,2.4,0.31,1460,,,,,,,,,,,
2/9/22,ALC,0.75,1.6,2.5,0.34,2204,,,,,,,,,,,
6/7/21,CAP,0.75,26.2,38.9,3.13,348.3,,,,,,,,,,,
6/16/21,CAP,0.75,25,81.7,6.73,369.2,,,,,,,,,,,
7/1/21,CAP,0.75,25.2,65,5.36,99.4,,,,,,,,,,,
7/8/21,CAP,0.75,23.6,1.8,0.15,113.3,,,,,,,,,,,
7/16/21,CAP,0.75,22.9,14,1.2,106.7,,,,,,,,,,,
7/29/21,CAP,0.75,24.9,1,0.08,102.5,,,,,,,,,,,
8/4/21,CAP,0.75,23,1.9,0.16,122.9,,,,,,,,,,,
1/13/22,CAP,0.75,3.6,5.7,0.72,182.4,,,,,,,,,,,
1/27/22,CAP,0.75,2.5,3.3,0.44,226.2,,,,,,,,,,,
2/9/22,CAP,0.75,1.8,12.4,1.71,602,,,,,,,,,,,
6/9/21,DCSW1,0.75,23.1,72,6.17,391,,,,,,,,,,,
6/21/21,DCSW1,0.75,22.6,44.5,3.85,213.7,,,,,,,,,,,
7/1/21,DCSW1,0.75,23.8,33.9,2.82,300.5,,,,,,,,,,,
7/9/21,DCSW1,0.75,22.7,3.7,0.32,370,,,,,,,,,,,
7/19/21,DCSW1,0.75,24.3,35.8,3,259.8,,,,,,,,,,,
7/29/21,DCSW1,0.75,25.5,20.6,1.67,406.5,,,,,,,,,,,
8/4/21,DCSW1,0.75,23.8,60.4,5.09,260.4,,,,,,,,,,,
1/13/22,DCSW1,0.75,3,102.7,13.77,520,,,,,,,,,,,
1/27/22,DCSW1,0.75,2.8,54.2,7.27,495.5,,,,,,,,,,,
2/9/22,DCSW1,0.75,2.7,11.2,1.51,606,,,,,,,,,,,
6/9/21,DCSW2,0.75,21.3,149.6,13.2,627,,,,,,,,,,,
6/21/21,DCSW2,0.75,22,10.8,0.96,378.6,,,,,,,,,,,
7/1/21,DCSW2,0.75,23.6,13.7,1.16,282,,,,,,,,,,,
7/9/21,DCSW2,0.75,22,22.7,1.99,412.8,,,,,,,,,,,
7/19/21,DCSW2,0.75,23.4,59,5.01,410.2,,,,,,,,,,,
7/29/21,DCSW2,0.75,24.5,22.2,1.86,407.5,,,,,,,,,,,
8/4/21,DCSW2,0.75,22.9,81.7,7.02,471.6,,,,,,,,,,,
1/13/22,DCSW2,0.75,4.2,51.9,6.72,643,,,,,,,,,,,
1/27/22,DCSW2,0.75,2.6,51.2,6.78,592,,,,,,,,,,,
2/9/22,DCSW2,0.75,2.5,14.5,1.97,696,,,,,,,,,,,
6/9/21,DCSW3,0.75,23.4,205.8,17.59,554,,,,,,,,,,,
6/21/21,DCSW3,0.75,22.2,17.4,1.51,403.4,,,,,,,,,,,
7/1/21,DCSW3,0.75,24.9,24.9,2.06,179.4,,,,,,,,,,,
7/9/21,DCSW3,0.75,23.5,10.7,0.92,239.4,,,,,,,,,,,
7/19/21,DCSW3,0.75,24,35.2,2.96,385.3,,,,,,,,,,,
7/29/21,DCSW3,0.75,25.2,24.6,2.03,87.1,,,,,,,,,,,
8/4/21,DCSW3,0.75,23.2,32.6,2.73,417.7,,,,,,,,,,,
1/13/22,DCSW3,0.75,3.5,74.1,9.84,190.1,,,,,,,,,,,
1/27/22,DCSW3,0.75,2.9,58,7.73,185.4,,,,,,,,,,,
2/9/22,DCSW3,0.75,2,40.4,5.58,254.8,,,,,,,,,,,
6/7/21,DOBA4,0.75,25.3,89.4,7.34,288.1,,,,,,,,,,,
6/16/21,DOBA4,0.75,23.3,69,5.88,302.8,,,,,,,,,,,
7/1/21,DOBA4,0.75,24.2,103.3,8.68,89.9,,,,,,,,,,,
7/9/21,DOBA4,0.75,21.9,71.6,6.28,94.3,,,,,,,,,,,
7/16/21,DOBA4,0.75,22.9,63.1,5.3,85.8,,,,,,,,,,,
8/4/21,DOBA4,0.75,22.3,59.2,5.16,95.2,,,,,,,,,,,
1/13/22,DOBA4,0.75,3.2,53.7,7.14,148.1,,,,,,,,,,,
1/27/22,DOBA4,0.75,2.3,33.4,4.36,148.5,,,,,,,,,,,
2/9/22,DOBA4,0.75,2,15.7,2.14,203.4,,,,,,,,,,,
6/7/21,DOBA5,0.75,25.8,27.8,2.3,380,,,,,,,,,,,
6/16/21,DOBA5,0.75,23.9,89.1,7.49,355.4,,,,,,,,,,,
7/1/21,DOBA5,0.75,25.5,103.1,8.43,120.4,,,,,,,,,,,
7/8/21,DOBA5,0.75,24,43.8,3.69,131.1,,,,,,,,,,,
7/16/21,DOBA5,0.75,23.6,82.6,7,117.2,,,,,,,,,,,
7/29/21,DOBA5,0.75,25.9,77.8,6.29,119.5,,,,,,,,,,,
8/4/21,DOBA5,0.75,23.4,105.3,8.97,122.3,,,,,,,,,,,
1/13/22,DOBA5,0.75,3.5,40,5.29,162.2,,,,,,,,,,,
1/27/22,DOBA5,0.75,3.2,2.1,0.28,160.3,,,,,,,,,,,
2/9/22,DOBA5,0.75,2.4,9.5,1.24,197.8,,,,,,,,,,,
6/2/21,DOBA7,0.75,17.4,91.1,8.66,545,,,,,,,,,,,
6/14/21,DOBA7,0.75,24.9,70.1,5.79,625,,,,,,,,,,,
6/29/21,DOBA7,0.75,24,55,4.63,194.7,,,,,,,,,,,
7/7/21,DOBA7,0.75,26.9,40.4,3.22,216.7,,,,,,,,,,,
7/12/21,DOBA7,0.75,23.4,68.2,5.82,232.8,,,,,,,,,,,
7/27/21,DOBA7,0.75,25.1,55.3,4.55,216.1,,,,,,,,,,,
8/3/21,DOBA7,0.75,23.6,91.3,7.74,212,,,,,,,,,,,
1/14/22,DOBA7,0.75,3.2,120,15.49,1278,,,,,,,,,,,
1/31/22,DOBA7,0.75,2,66.4,8.94,1233,,,,,,,,,,,
2/11/22,DOBA7,0.75,3.6,12.2,1.29,2218,,,,,,,,,,,
6/10/21,DOBA8,0.75,27.6,51,4.02,271.1,,,,,,,,,,,
6/17/21,DOBA8,0.75,25,66.8,5.52,275.9,,,,,,,,,,,
6/30/21,DOBA8,0.75,24.3,110,9.24,111,,,,,,,,,,,
7/8/21,DOBA8,0.75,24.5,12.5,1.04,103.5,,,,,,,,,,,
7/20/21,DOBA8,0.75,25.3,48.4,3.99,101.7,,,,,,,,,,,
7/26/21,DOBA8,0.75,26.6,73.1,5.87,106.6,,,,,,,,,,,
8/5/21,DOBA8,0.75,24.8,106,8.78,96.2,,,,,,,,,,,
1/14/22,DOBA8,0.75,4.4,27.3,3.3,271,,,,,,,,,,,
1/30/22,DOBA8,0.75,3.7,1.2,0.15,266.1,,,,,,,,,,,
2/10/22,DOBA8,0.75,2.8,4.6,0.6,322.8,,,,,,,,,,,
6/8/21,ELV,0.75,25.5,98.2,8.03,566,,,,,,,,,,,
6/17/21,ELV,0.75,24.6,102.3,8.5,572,,,,,,,,,,,
6/30/21,ELV,0.75,23.5,33.4,2.84,258,,,,,,,,,,,
7/8/21,ELV,0.75,23.6,12.8,1.09,254.5,,,,,,,,,,,
7/20/21,ELV,0.75,25.2,91.8,7.55,223.5,,,,,,,,,,,
7/26/21,ELV,0.75,26.3,90.9,7.32,226,,,,,,,,,,,
8/3/21,ELV,0.75,24.1,61.7,5.18,211.4,,,,,,,,,,,
1/14/22,ELV,0.75,3.1,76.3,10.06,199.7,,,,,,,,,,,
1/30/22,ELV,0.75,2.2,59,8.06,182.1,,,,,,,,,,,
2/10/22,ELV,0.75,1.3,107.7,14.76,218.6,,,,,,,,,,,
6/10/21,HP-UW,0.75,24.3,170.7,14.12,1577,,,,,,,,,,,
6/18/21,HP-UW,0.75,22.2,81,6.99,455.6,,,,,,,,,,,
6/29/21,HP-UW,0.75,21.7,62.9,5.53,373.2,,,,,,,,,,,
7/7/21,HP-UW,0.75,25.2,98.4,8.11,997,,,,,,,,,,,
7/26/21,HP-UW,0.75,24.6,130.2,10.73,1267,,,,,,,,,,,
8/5/21,HP-UW,0.75,23.5,126.3,10.66,1280,,,,,,,,,,,
1/12/22,HP-UW,0.75,3.8,101.5,13.31,1921,,,,,,,,,,,
1/31/22,HP-UW,0.75,3.7,112.8,14.78,1578,,,,,,,,,,,
2/9/22,HP-UW,0.75,4.2,147.2,19.05,1881,,,,,,,,,,,
6/11/21,KP,0.75,17.3,0.6,0.06,253.6,,,,,,,,,,,
6/22/21,KP,0.75,17.9,12.3,1.17,175,,,,,,,,,,,
7/2/21,KP,0.75,20.1,1.2,0.11,189.6,,,,,,,,,,,
7/7/21,KP,0.75,21.1,1.1,0.1,224.8,,,,,,,,,,,
7/14/21,KP,0.75,20,1.3,0.12,184.4,,,,,,,,,,,
7/27/21,KP,0.75,21.8,1.6,0.14,182,,,,,,,,,,,
8/3/21,KP,0.75,18.3,13,1.22,183.3,,,,,,,,,,,
1/14/22,KP,0.75,1.8,9.7,1.27,319.5,,,,,,,,,,,
1/30/22,KP,0.75,1.4,0.2,0.03,408.6,,,,,,,,,,,
6/11/21,L60-UW,0.75,22,2.6,0.22,1304,,,,,,,,,,,
6/18/21,L60-UW,0.75,21.5,2.8,0.24,1206,,,,,,,,,,,
7/2/21,L60-UW,0.75,20.7,0.8,0.07,610,,,,,,,,,,,
7/7/21,L60-UW,0.75,20.9,0.7,0.07,795,,,,,,,,,,,
7/13/21,L60-UW,0.75,18.1,1.4,0.13,584,,,,,,,,,,,
7/26/21,L60-UW,0.75,18.2,1.1,0.11,646,,,,,,,,,,,
8/5/21,L60-UW,0.75,17.2,1.4,0.13,609,,,,,,,,,,,
1/13/22,L60-UW,0.75,3.2,20.6,2.73,431.8,,,,,,,,,,,
2/9/22,L60-UW,0.75,0.9,23.1,3.26,635,,,,,,,,,,,
6/30/21,LM-ARB,0.75,24.9,86.1,7.3,316.8,,,,,,,,,,,
7/8/21,LM-ARB,0.75,22,10.7,0.93,311.9,,,,,,,,,,,
7/30/21,LM-ARB,0.75,24.9,33.3,2.75,312,,,,,,,,,,,
8/2/21,LM-ARB,0.75,22.1,51.9,4.52,351.3,,,,,,,,,,,
6/10/21,MDT,0.75,27.9,131.8,10.32,345.8,,,,,,,,,,,
6/17/21,MDT,0.75,24.8,166.3,13.79,367.4,,,,,,,,,,,
6/30/21,MDT,0.75,24.1,76.6,6.46,134.4,,,,,,,,,,,
7/8/21,MDT,0.75,23,37.2,3.17,133.4,,,,,,,,,,,
7/20/21,MDT,0.75,24.9,70.4,5.83,127.7,,,,,,,,,,,
7/26/21,MDT,0.75,26.1,73.3,5.92,135.4,,,,,,,,,,,
8/5/21,MDT,0.75,24.9,87.6,7.29,109.3,,,,,,,,,,,
1/14/22,MDT,0.75,3.2,110,14.68,199.8,,,,,,,,,,,
1/30/22,MDT,0.75,2.1,41.5,5.35,220.5,,,,,,,,,,,
2/10/22,MDT,0.75,0.7,73.1,9.31,294.4,,,,,,,,,,,
6/11/21,O-N,0.75,27.4,65.5,5.18,690,,,,,,,,,,,
6/22/21,O-N,0.75,21.7,51.3,4.51,471.7,,,,,,,,,,,
7/1/21,O-N,0.75,24.7,72.4,6.01,488.7,,,,,,,,,,,
7/7/21,O-N,0.75,27.1,80.9,6.43,489.6,,,,,,,,,,,
7/14/21,O-N,0.75,24,52.4,4.43,525,,,,,,,,,,,
7/27/21,O-N,0.75,26.4,73.6,5.93,503,,,,,,,,,,,
8/3/21,O-N,0.75,23.6,71.5,6.09,493.2,,,,,,,,,,,
1/14/22,O-N,0.75,3.8,119.7,15.69,609,,,,,,,,,,,
1/30/22,O-N,0.75,3.4,153.8,20.38,599,,,,,,,,,,,
2/10/22,O-N,0.75,3.9,137.6,18.03,717,,,,,,,,,,,
6/11/21,O-S,0.75,28.2,57.5,4.45,673,,,,,,,,,,,
6/22/21,O-S,0.75,21.5,31.8,2.8,491.2,,,,,,,,,,,
7/1/21,O-S,0.75,24.1,48.4,4.07,463.5,,,,,,,,,,,
7/7/21,O-S,0.75,26.6,29.1,2.34,460.1,,,,,,,,,,,
7/14/21,O-S,0.75,23.5,35,2.98,453,,,,,,,,,,,
7/27/21,O-S,0.75,25.7,54.9,4.49,419.1,,,,,,,,,,,
8/3/21,O-S,0.75,22.8,46.6,4.01,424.3,,,,,,,,,,,
1/14/22,O-S,0.75,3.5,111,14.68,570,,,,,,,,,,,
1/30/22,O-S,0.75,2.7,76.4,9.26,548,,,,,,,,,,,
2/10/22,O-S,0.75,2.2,85.5,11.66,673,,,,,,,,,,,
6/2/21,OPP-E,0.75,15.8,48.6,4.8,191.2,,,,,,,,,,,
6/14/21,OPP-E,0.75,25.5,63.4,5.21,195.8,,,,,,,,,,,
6/29/21,OPP-E,0.75,24.3,34.5,2.89,185.7,,,,,,,,,,,
7/7/21,OPP-E,0.75,26.3,44.7,3.61,186.2,,,,,,,,,,,
7/12/21,OPP-E,0.75,22.7,44,3.78,200.2,,,,,,,,,,,
7/30/21,OPP-E,0.75,25.3,65.8,5.41,212.5,,,,,,,,,,,
8/3/21,OPP-E,0.75,22.7,60,5.2,212.7,,,,,,,,,,,
1/12/22,OPP-E,0.75,3.8,15.6,2,191.8,,,,,,,,,,,
1/31/22,OPP-E,0.75,1.8,5.5,5.5,186.3,,,,,,,,,,,
2/11/22,OPP-E,0.75,2.1,5.8,0.76,235.7,,,,,,,,,,,
6/2/21,OPP-W,0.75,18.4,96.1,9,359.3,,,,,,,,,,,
6/14/21,OPP-W,0.75,24.3,2.9,0.24,390.4,,,,,,,,,,,
6/29/21,OPP-W,0.75,23.8,3.2,0.27,131,,,,,,,,,,,
7/7/21,OPP-W,0.75,26.3,8.3,0.67,136,,,,,,,,,,,
7/12/21,OPP-W,0.75,22.1,9.8,0.89,134.1,,,,,,,,,,,
7/30/21,OPP-W,0.75,24.2,1.3,0.11,100.5,,,,,,,,,,,
8/3/21,OPP-W,0.75,21.6,1.7,0.14,122.6,,,,,,,,,,,
1/12/22,OPP-W,0.75,1.8,6.2,0.84,203.8,,,,,,,,,,,
1/31/22,OPP-W,0.75,0.9,3.6,0.51,318.4,,,,,,,,,,,
2/11/22,OPP-W,0.75,1.1,3.3,0.43,399.9,,,,,,,,,,,
6/3/21,UM-ARB,0.75,19.8,92.5,8.41,824,,,,,,,,,,,
6/15/21,UM-ARB,0.75,24.9,62.2,5.12,947,,,,,,,,,,,
6/30/21,UM-ARB,0.75,24.1,78.4,6.59,311.6,,,,,,,,,,,
7/8/21,UM-ARB,0.75,22.1,6.5,0.56,294.9,,,,,,,,,,,
7/13/21,UM-ARB,0.75,22.8,80.6,6.97,394.3,,,,,,,,,,,
7/30/21,UM-ARB,0.75,24.7,18.3,1.52,291.8,,,,,,,,,,,
8/2/21,UM-ARB,0.75,23.1,79.2,6.77,346.4,,,,,,,,,,,
1/12/22,UM-ARB,0.75,3,4.6,0.6,798,,,,,,,,,,,
2/11/22,UM-ARB,0.75,2.7,19.6,2.47,1495,,,,,,,,,,,
6/7/21,CAP,1,26.1,32.1,2.61,348.3,,,,,,,,,,,
6/16/21,CAP,1,24.9,81,6.71,365.5,,,,,,,,,,,
7/1/21,CAP,1,24.7,41.3,3.4,99.1,,,,,,,,,,,
7/8/21,CAP,1,23.5,1,0.09,114.3,,,,,,,,,,,
7/16/21,CAP,1,22.8,9.2,0.79,106.8,,,,,,,,,,,
7/29/21,CAP,1,24.5,0.7,0.06,94.4,,,,,,,,,,,
8/4/21,CAP,1,22.8,1.6,0.14,124.3,,,,,,,,,,,
1/13/22,CAP,1,3.6,4.8,0.64,184.4,,,,,,,,,,,
1/27/22,CAP,1,2.7,2.6,0.34,250.3,,,,,,,,,,,
2/9/22,CAP,1,2,8.5,1.16,611,,,,,,,,,,,
6/9/21,DCSW1,1,19.5,90.9,8.37,373.1,,,,,,,,,,,
6/21/21,DCSW1,1,22.6,42,3.65,214,,,,,,,,,,,
7/1/21,DCSW1,1,23.5,6.3,0.53,306.3,,,,,,,,,,,
7/9/21,DCSW1,1,22.5,2.5,0.22,368.9,,,,,,,,,,,
7/19/21,DCSW1,1,24.2,24.6,2.07,256.2,,,,,,,,,,,
7/29/21,DCSW1,1,25.4,15.6,1.27,406.6,,,,,,,,,,,
8/4/21,DCSW1,1,23.6,60.2,5.11,263,,,,,,,,,,,
1/13/22,DCSW1,1,3.1,102.7,13.77,519,,,,,,,,,,,
1/27/22,DCSW1,1,3.1,53,7.04,496,,,,,,,,,,,
2/9/22,DCSW1,1,3.3,11.2,1.49,608,,,,,,,,,,,
6/9/21,DCSW2,1,18,95.1,8.96,642,,,,,,,,,,,
6/21/21,DCSW2,1,21.9,6.1,0.54,378.6,,,,,,,,,,,
7/1/21,DCSW2,1,23.1,3.3,2.82,325.3,,,,,,,,,,,
7/9/21,DCSW2,1,21.8,13,1.14,411.1,,,,,,,,,,,
7/19/21,DCSW2,1,23.3,21,1.79,430.5,,,,,,,,,,,
7/29/21,DCSW2,1,24.4,22.8,1.9,403.2,,,,,,,,,,,
8/4/21,DCSW2,1,22.7,45.1,3.96,475.9,,,,,,,,,,,
1/13/22,DCSW2,1,4.2,51.9,6.81,660,,,,,,,,,,,
1/27/22,DCSW2,1,3.2,40.5,5.29,598,,,,,,,,,,,
2/9/22,DCSW2,1,2.9,11.7,1.57,696,,,,,,,,,,,
6/9/21,DCSW3,1,21.5,172.4,15.15,550,,,,,,,,,,,
6/21/21,DCSW3,1,22.2,17.6,1.53,403.1,,,,,,,,,,,
7/1/21,DCSW3,1,24.3,15.4,1.28,182.1,,,,,,,,,,,
7/9/21,DCSW3,1,22.9,1.1,0.09,239.2,,,,,,,,,,,
7/19/21,DCSW3,1,23.8,30.8,2.6,384.4,,,,,,,,,,,
7/29/21,DCSW3,1,24.9,3.2,0.26,8605,,,,,,,,,,,
8/4/21,DCSW3,1,23.1,19.8,1.69,419.2,,,,,,,,,,,
1/13/22,DCSW3,1,3.5,72.8,9.65,190,,,,,,,,,,,
1/27/22,DCSW3,1,3.1,53.6,7.14,186,,,,,,,,,,,
2/9/22,DCSW3,1,2.5,39.6,5.35,256.6,,,,,,,,,,,
6/7/21,DOBA4,1,24.4,83,6.94,291.4,,,,,,,,,,,
6/16/21,DOBA4,1,23,54.4,4.69,302.9,,,,,,,,,,,
7/1/21,DOBA4,1,23.8,100.2,8.47,91.7,,,,,,,,,,,
7/9/21,DOBA4,1,21.7,51.4,4.51,93.8,,,,,,,,,,,
7/16/21,DOBA4,1,22.8,43.1,3.71,85.2,,,,,,,,,,,
8/4/21,DOBA4,1,22.1,45.1,3.94,95,,,,,,,,,,,
1/13/22,DOBA4,1,3.4,43.1,5.31,148,,,,,,,,,,,
1/27/22,DOBA4,1,2.7,24.7,3.13,149.3,,,,,,,,,,,
2/9/22,DOBA4,1,2.3,10.2,1.36,215,,,,,,,,,,,
6/7/21,DOBA5,1,24.1,10.8,0.9,381.5,,,,,,,,,,,
6/16/21,DOBA5,1,23.8,66.4,6.14,356,,,,,,,,,,,
7/1/21,DOBA5,1,24.5,101.1,8.43,121,,,,,,,,,,,
7/8/21,DOBA5,1,23.9,59.5,5.01,128.3,,,,,,,,,,,
7/16/21,DOBA5,1,23.3,47.5,4.05,118.1,,,,,,,,,,,
7/29/21,DOBA5,1,25.4,33.2,2.71,116.4,,,,,,,,,,,
8/4/21,DOBA5,1,23.1,45.6,3.9,121.8,,,,,,,,,,,
1/13/22,DOBA5,1,3.7,16.6,2.21,161.7,,,,,,,,,,,
1/27/22,DOBA5,1,3.4,1.3,0.17,162,,,,,,,,,,,
2/9/22,DOBA5,1,2.9,3.8,0.43,198.1,,,,,,,,,,,
6/14/21,DOBA7,1,24.8,59.8,4.88,628,,,,,,,,,,,
6/29/21,DOBA7,1,24,54.5,4.59,192,,,,,,,,,,,
7/7/21,DOBA7,1,26.8,27.4,2.18,218.5,,,,,,,,,,,
7/12/21,DOBA7,1,22.8,50,4.3,228.1,,,,,,,,,,,
7/27/21,DOBA7,1,25.1,54.1,4.45,216.3,,,,,,,,,,,
8/3/21,DOBA7,1,23,70.2,6.01,208.8,,,,,,,,,,,
1/14/22,DOBA7,1,3.9,87,11.29,1413,,,,,,,,,,,
1/31/22,DOBA7,1,3.3,38.3,4.93,1530,,,,,,,,,,,
2/11/22,DOBA7,1,4.3,6.1,0.86,2976,,,,,,,,,,,
6/10/21,DOBA8,1,26.8,38.5,3.08,272.9,,,,,,,,,,,
6/17/21,DOBA8,1,24.9,60.2,4.99,275.4,,,,,,,,,,,
6/30/21,DOBA8,1,23.7,10,0.84,101.4,,,,,,,,,,,
7/8/21,DOBA8,1,24.5,8.1,0.68,103.8,,,,,,,,,,,
7/20/21,DOBA8,1,25.1,17.5,1.46,103.1,,,,,,,,,,,
7/26/21,DOBA8,1,26.3,61.8,4.98,106.9,,,,,,,,,,,
8/5/21,DOBA8,1,24.5,93.7,7.81,96.4,,,,,,,,,,,
1/14/22,DOBA8,1,5.2,17,1.9,320,,,,,,,,,,,
1/30/22,DOBA8,1,4.1,1,0.13,279.3,,,,,,,,,,,
2/10/22,DOBA8,1,3.1,3.7,0.48,337.1,,,,,,,,,,,
6/8/21,ELV,1,24.9,95.6,7.91,563,,,,,,,,,,,
6/17/21,ELV,1,24.5,97.2,8.08,572,,,,,,,,,,,
6/30/21,ELV,1,23.3,15.3,1.3,256.2,,,,,,,,,,,
7/8/21,ELV,1,23.6,12.4,1.06,254.5,,,,,,,,,,,
7/20/21,ELV,1,25,87.8,7.25,221.9,,,,,,,,,,,
7/26/21,ELV,1,25.9,65.1,5.3,226,,,,,,,,,,,
8/3/21,ELV,1,23.6,41.6,3.52,213.3,,,,,,,,,,,
1/14/22,ELV,1,3.4,64.4,8.33,199.4,,,,,,,,,,,
1/30/22,ELV,1,2.8,45.6,6.09,182.7,,,,,,,,,,,
2/10/22,ELV,1,1.8,102,14.12,218.1,,,,,,,,,,,
6/10/21,HP-UW,1,23.7,151.1,12.75,1627,,,,,,,,,,,
6/18/21,HP-UW,1,22.2,79.4,6.9,538,,,,,,,,,,,
6/29/21,HP-UW,1,21.9,67.4,5.89,967,,,,,,,,,,,
7/7/21,HP-UW,1,25,85,7.15,1115,,,,,,,,,,,
7/26/21,HP-UW,1,24.1,138.6,11.57,1340,,,,,,,,,,,
8/5/21,HP-UW,1,23.3,118.4,10.6,1284,,,,,,,,,,,
1/12/22,HP-UW,1,3.8,101.8,13.27,1929,,,,,,,,,,,
1/31/22,HP-UW,1,3.9,112.4,14.67,1600,,,,,,,,,,,
2/9/22,HP-UW,1,4.3,146.7,18.93,1884,,,,,,,,,,,
6/22/21,KP,1,18,0.6,0.06,196.5,,,,,,,,,,,
7/2/21,KP,1,18.9,0.8,0.08,267.5,,,,,,,,,,,
7/7/21,KP,1,18.6,0.9,0.08,297.5,,,,,,,,,,,
7/27/21,KP,1,20.6,0.9,0.08,298.9,,,,,,,,,,,
8/3/21,KP,1,18.3,2,0.18,187.9,,,,,,,,,,,
1/14/22,KP,1,2.2,6.7,0.89,316.2,,,,,,,,,,,
6/11/21,L60-UW,1,19.3,1.8,0.16,1372,,,,,,,,,,,
6/18/21,L60-UW,1,20.3,2.3,0.2,1299,,,,,,,,,,,
7/2/21,L60-UW,1,19.1,0.7,0.06,1038,,,,,,,,,,,
7/7/21,L60-UW,1,18.8,0.6,0.06,1166,,,,,,,,,,,
7/13/21,L60-UW,1,18.1,1.2,0.11,868,,,,,,,,,,,
7/26/21,L60-UW,1,17.5,0.7,0.07,1032,,,,,,,,,,,
8/5/21,L60-UW,1,17.6,0.9,0.09,858,,,,,,,,,,,
1/13/22,L60-UW,1,3.4,11.6,1.53,430.2,,,,,,,,,,,
8/2/21,LM-ARB,1,22.1,47.5,4.41,350.4,,,,,,,,,,,
6/10/21,MDT,1,27.8,114.8,9.01,345.7,,,,,,,,,,,
6/17/21,MDT,1,24.5,167.4,13.94,367,,,,,,,,,,,
6/30/21,MDT,1,23.5,2.8,0.23,133.6,,,,,,,,,,,
7/8/21,MDT,1,23,35.9,3.08,133.5,,,,,,,,,,,
7/20/21,MDT,1,24.5,39,3.25,128.5,,,,,,,,,,,
7/26/21,MDT,1,25.9,63,5.13,135.2,,,,,,,,,,,
8/5/21,MDT,1,24.4,83.1,6.95,109.2,,,,,,,,,,,
1/14/22,MDT,1,3.3,109.5,14.61,200,,,,,,,,,,,
1/30/22,MDT,1,3.4,22.3,2.94,226,,,,,,,,,,,
2/10/22,MDT,1,1.4,73.5,9.89,301,,,,,,,,,,,
6/11/21,O-N,1,26.1,6.1,0.49,718,,,,,,,,,,,
6/22/21,O-N,1,21.6,46.1,4.06,472.2,,,,,,,,,,,
7/1/21,O-N,1,24.6,69.2,5.75,489.3,,,,,,,,,,,
7/7/21,O-N,1,26.9,40.5,3.22,489.6,,,,,,,,,,,
7/14/21,O-N,1,23.8,23,1.94,533,,,,,,,,,,,
7/27/21,O-N,1,26.3,63.1,5.08,503,,,,,,,,,,,
8/3/21,O-N,1,23.4,47.1,4.01,474.5,,,,,,,,,,,
1/14/22,O-N,1,4,119.1,15.51,609,,,,,,,,,,,
1/30/22,O-N,1,3.7,155.5,20.47,599,,,,,,,,,,,
2/10/22,O-N,1,4,136.5,17.84,718,,,,,,,,,,,
6/11/21,O-S,1,27.6,26.6,2.08,683,,,,,,,,,,,
6/22/21,O-S,1,20.8,28.6,2.56,491.5,,,,,,,,,,,
7/1/21,O-S,1,23.9,34.7,2.92,463.9,,,,,,,,,,,
7/7/21,O-S,1,26.4,14.5,1.17,459.6,,,,,,,,,,,
7/14/21,O-S,1,23.3,24.3,2.07,459.9,,,,,,,,,,,
7/27/21,O-S,1,25.4,3.7,0.3,430.4,,,,,,,,,,,
8/3/21,O-S,1,22.7,36.4,3.13,426.5,,,,,,,,,,,
1/14/22,O-S,1,3.6,95.5,12.61,567,,,,,,,,,,,
1/30/22,O-S,1,3.4,58.2,7.63,550,,,,,,,,,,,
2/10/22,O-S,1,2.7,82.3,10.98,679,,,,,,,,,,,
6/2/21,OPP-E,1,14.1,6,0.67,196.3,,,,,,,,,,,
6/14/21,OPP-E,1,25.3,24,1.97,196.9,,,,,,,,,,,
6/29/21,OPP-E,1,24,2.3,0.19,190.8,,,,,,,,,,,
7/7/21,OPP-E,1,26,5.9,0.49,190.4,,,,,,,,,,,
7/12/21,OPP-E,1,22.7,34.1,2.94,198.5,,,,,,,,,,,
7/30/21,OPP-E,1,25.2,64.5,5.31,212.6,,,,,,,,,,,
8/3/21,OPP-E,1,22.7,59.8,5.16,212.6,,,,,,,,,,,
1/12/22,OPP-E,1,3.9,12,1.54,191.9,,,,,,,,,,,
1/31/22,OPP-E,1,3.4,1.4,1.4,198.9,,,,,,,,,,,
2/11/22,OPP-E,1,3.1,4,0.51,246.1,,,,,,,,,,,
6/2/21,OPP-W,1,15,3.4,0.34,374.6,,,,,,,,,,,
6/14/21,OPP-W,1,22.2,2,0.17,405.3,,,,,,,,,,,
6/29/21,OPP-W,1,22.9,0.8,0.07,118.8,,,,,,,,,,,
7/7/21,OPP-W,1,24.9,1.5,0.12,145.8,,,,,,,,,,,
7/12/21,OPP-W,1,21.9,2.2,0.19,136.5,,,,,,,,,,,
7/30/21,OPP-W,1,24.1,1.1,0.09,106.8,,,,,,,,,,,
8/3/21,OPP-W,1,21.6,1.4,0.12,122.8,,,,,,,,,,,
1/12/22,OPP-W,1,2.2,4.3,0.58,203.8,,,,,,,,,,,
1/31/22,OPP-W,1,1.2,1.9,0.26,317.2,,,,,,,,,,,
2/11/22,OPP-W,1,1.6,2.4,0.33,399.6,,,,,,,,,,,
6/15/21,UM-ARB,1,24.8,47.1,3.9,947,,,,,,,,,,,
7/8/21,UM-ARB,1,22.1,5.6,0.48,295.2,,,,,,,,,,,
7/1/21,CAP,1.25,24.4,8.7,0.7,114.8,,,,,,,,,,,
7/8/21,CAP,1.25,23.4,0.8,0.06,115.2,,,,,,,,,,,
7/16/21,CAP,1.25,22.7,5.1,0.44,107.4,,,,,,,,,,,
8/4/21,CAP,1.25,22.7,1.1,0.09,132,,,,,,,,,,,
1/27/22,CAP,1.25,3,2.2,0.29,242.3,,,,,,,,,,,
6/9/21,DCSW1,1.25,17.3,51,4.9,341.6,,,,,,,,,,,
6/21/21,DCSW1,1.25,22.2,30.9,2.69,222.9,,,,,,,,,,,
7/1/21,DCSW1,1.25,23.2,1.5,0.13,318.1,,,,,,,,,,,
7/9/21,DCSW1,1.25,22.4,1,0.08,366.8,,,,,,,,,,,
7/19/21,DCSW1,1.25,24.1,26.7,2.24,255.6,,,,,,,,,,,
7/29/21,DCSW1,1.25,25.04,9,0.74,409.1,,,,,,,,,,,
8/4/21,DCSW1,1.25,23.5,60.7,5.15,263.3,,,,,,,,,,,
1/13/22,DCSW1,1.25,3.1,102.8,13.77,529,,,,,,,,,,,
1/27/22,DCSW1,1.25,3.3,51.2,6.68,501,,,,,,,,,,,
2/9/22,DCSW1,1.25,3.4,11.1,1.48,612,,,,,,,,,,,
6/9/21,DCSW2,1.25,15.6,22.1,2.17,695,,,,,,,,,,,
6/21/21,DCSW2,1.25,21.7,1.9,0.16,380,,,,,,,,,,,
7/1/21,DCSW2,1.25,22.9,6.8,0.58,303.6,,,,,,,,,,,
7/9/21,DCSW2,1.25,21.8,8.6,0.75,413.1,,,,,,,,,,,
7/19/21,DCSW2,1.25,23,25.4,2.18,434,,,,,,,,,,,
7/29/21,DCSW2,1.25,24.3,19.3,1.62,402.8,,,,,,,,,,,
8/4/21,DCSW2,1.25,22.5,43.9,3.81,488.9,,,,,,,,,,,
1/27/22,DCSW2,1.25,3.5,37.5,4.9,600,,,,,,,,,,,
6/9/21,DCSW3,1.25,17.8,138.5,13.14,547,,,,,,,,,,,
6/21/21,DCSW3,1.25,22.2,16.9,1.47,404.5,,,,,,,,,,,
7/1/21,DCSW3,1.25,23.9,1.5,0.13,186.2,,,,,,,,,,,
7/9/21,DCSW3,1.25,22.8,0.7,0.06,239.5,,,,,,,,,,,
7/19/21,DCSW3,1.25,23.7,28.8,2.461,384.8,,,,,,,,,,,
7/29/21,DCSW3,1.25,24.3,1.5,0.13,91.1,,,,,,,,,,,
8/4/21,DCSW3,1.25,23,17.3,1.48,419.6,,,,,,,,,,,
1/13/22,DCSW3,1.25,3.5,72.7,9.64,190.2,,,,,,,,,,,
2/9/22,DCSW3,1.25,2.8,35.6,4.81,258.9,,,,,,,,,,,
6/7/21,DOBA4,1.25,22.3,81.7,7.11,296.8,,,,,,,,,,,
6/16/21,DOBA4,1.25,22.9,39.3,3.39,302.9,,,,,,,,,,,
7/1/21,DOBA4,1.25,23,27.8,2.38,100.6,,,,,,,,,,,
7/9/21,DOBA4,1.25,21.6,29.9,3.52,94,,,,,,,,,,,
7/16/21,DOBA4,1.25,22.6,25,2.16,86,,,,,,,,,,,
8/4/21,DOBA4,1.25,22,6.8,0.6,95.4,,,,,,,,,,,
1/13/22,DOBA4,1.25,3.5,26.5,3.35,155,,,,,,,,,,,
1/27/22,DOBA4,1.25,3.2,11.7,1.51,149,,,,,,,,,,,
2/9/22,DOBA4,1.25,2.8,4.8,0.6,245.7,,,,,,,,,,,
6/7/21,DOBA5,1.25,20.8,3.7,0.33,377.6,,,,,,,,,,,
6/16/21,DOBA5,1.25,23.8,47,3.99,356.6,,,,,,,,,,,
7/1/21,DOBA5,1.25,24,50.7,4.27,120.1,,,,,,,,,,,
7/8/21,DOBA5,1.25,23.9,55.8,4.7,128.5,,,,,,,,,,,
7/16/21,DOBA5,1.25,23.1,12.8,1.07,120.8,,,,,,,,,,,
7/29/21,DOBA5,1.25,24.9,24,1.99,117.5,,,,,,,,,,,
8/4/21,DOBA5,1.25,22.9,22,1.88,124.3,,,,,,,,,,,
1/13/22,DOBA5,1.25,3.7,10.3,1.34,161.7,,,,,,,,,,,
1/27/22,DOBA5,1.25,3.5,1,0.14,162.4,,,,,,,,,,,
2/9/22,DOBA5,1.25,3.2,2.7,0.36,200.2,,,,,,,,,,,
6/2/21,DOBA7,1.25,15.6,44.8,4.49,544,,,,,,,,,,,
6/14/21,DOBA7,1.25,24.4,25.2,2.09,629,,,,,,,,,,,
6/29/21,DOBA7,1.25,24,53.4,4.5,190.6,,,,,,,,,,,
7/7/21,DOBA7,1.25,26.8,19.7,1.58,218.9,,,,,,,,,,,
7/12/21,DOBA7,1.25,22.7,36.1,3.11,230,,,,,,,,,,,
7/27/21,DOBA7,1.25,25.1,53.7,4.43,216.2,,,,,,,,,,,
8/3/21,DOBA7,1.25,22.9,60.8,5.22,207.8,,,,,,,,,,,
1/14/22,DOBA7,1.25,4,74,9.01,1888,,,,,,,,,,,
1/31/22,DOBA7,1.25,4.2,8.6,1.01,1779,,,,,,,,,,,
2/11/22,DOBA7,1.25,4.3,8.8,1.15,3518,,,,,,,,,,,
6/10/21,DOBA8,1.25,24.6,25.8,2.2,268.7,,,,,,,,,,,
6/17/21,DOBA8,1.25,24.8,64,5.3,275.1,,,,,,,,,,,
6/30/21,DOBA8,1.25,23.5,2.4,0.2,99.1,,,,,,,,,,,
7/8/21,DOBA8,1.25,24.5,7.8,0.65,103.8,,,,,,,,,,,
7/20/21,DOBA8,1.25,24.5,1.7,0.14,103.9,,,,,,,,,,,
7/26/21,DOBA8,1.25,26.1,41.5,3.35,107.8,,,,,,,,,,,
8/5/21,DOBA8,1.25,24.3,78.7,6.59,94.2,,,,,,,,,,,
1/14/22,DOBA8,1.25,5.7,9.7,1.15,377.4,,,,,,,,,,,
1/30/22,DOBA8,1.25,4.7,0.9,0.11,324.9,,,,,,,,,,,
2/10/22,DOBA8,1.25,3.8,3.1,0.4,361.7,,,,,,,,,,,
6/8/21,ELV,1.25,23.8,100.7,8.49,564,,,,,,,,,,,
6/17/21,ELV,1.25,24.5,91.5,7.62,573,,,,,,,,,,,
6/30/21,ELV,1.25,23.3,8.8,0.75,258.2,,,,,,,,,,,
7/8/21,ELV,1.25,23.6,12.1,1.03,254.1,,,,,,,,,,,
7/20/21,ELV,1.25,24.5,69.7,5.8,221.9,,,,,,,,,,,
7/26/21,ELV,1.25,25.8,50.5,4.14,225.2,,,,,,,,,,,
8/3/21,ELV,1.25,23.5,37.5,3.19,210.7,,,,,,,,,,,
1/14/22,ELV,1.25,3.6,56,7.24,199.4,,,,,,,,,,,
1/30/22,ELV,1.25,3.1,39.6,5.28,183,,,,,,,,,,,
2/10/22,ELV,1.25,2.2,93,12.47,218.9,,,,,,,,,,,
6/10/21,HP-UW,1.25,22.5,103.3,8.93,1644,,,,,,,,,,,
6/18/21,HP-UW,1.25,22.2,70.5,6.12,725,,,,,,,,,,,
6/29/21,HP-UW,1.25,21.8,67.7,5.93,1154,,,,,,,,,,,
7/7/21,HP-UW,1.25,23.5,93,7.9,1190,,,,,,,,,,,
7/26/21,HP-UW,1.25,23.7,112.6,9.43,1428,,,,,,,,,,,
8/5/21,HP-UW,1.25,23.1,113,9.64,1323,,,,,,,,,,,
1/12/22,HP-UW,1.25,4,101,13.16,1930,,,,,,,,,,,
1/31/22,HP-UW,1.25,4.2,111.6,14.46,1613,,,,,,,,,,,
2/9/22,HP-UW,1.25,4.5,143.7,18.64,1886,,,,,,,,,,,
6/18/21,L60-UW,1.25,19.4,0.1,0.08,1374,,,,,,,,,,,
6/10/21,MDT,1.25,27.6,111.4,8.76,345.3,,,,,,,,,,,
6/17/21,MDT,1.25,24.4,159.4,13.31,366.7,,,,,,,,,,,
6/30/21,MDT,1.25,23.1,2.1,0.18,130.6,,,,,,,,,,,
7/8/21,MDT,1.25,22.9,24,2.06,134,,,,,,,,,,,
7/20/21,MDT,1.25,24.2,31.7,2.65,130.2,,,,,,,,,,,
7/26/21,MDT,1.25,25.7,60.9,4.95,138.2,,,,,,,,,,,
8/5/21,MDT,1.25,24.2,72.8,6.12,109.4,,,,,,,,,,,
1/14/22,MDT,1.25,3.3,108.8,14.44,199.4,,,,,,,,,,,
2/10/22,O-N,1.25,4,135.7,17.8,717,,,,,,,,,,,
1/14/22,O-S,1.25,3.7,92.4,10.09,569,,,,,,,,,,,
6/14/21,OPP-E,1.25,24.7,2.6,0.22,201.3,,,,,,,,,,,
6/29/21,OPP-E,1.25,23.7,1.5,0.12,192.7,,,,,,,,,,,
7/7/21,OPP-E,1.25,25.6,1.7,0.14,197.8,,,,,,,,,,,
7/12/21,OPP-E,1.25,22.5,22.9,1.93,199.8,,,,,,,,,,,
7/30/21,OPP-E,1.25,25.2,48.1,3.96,213,,,,,,,,,,,
8/3/21,OPP-E,1.25,22.7,54.4,4.69,212.4,,,,,,,,,,,
1/12/22,OPP-E,1.25,3.9,10.1,1.2,192.4,,,,,,,,,,,
6/2/21,OPP-W,1.25,12.2,2.1,0.22,370.4,,,,,,,,,,,
6/14/21,OPP-W,1.25,17.9,1.3,0.12,415.8,,,,,,,,,,,
6/29/21,OPP-W,1.25,22.6,0.6,0.05,128.4,,,,,,,,,,,
7/7/21,OPP-W,1.25,23.2,0.8,0.07,159.9,,,,,,,,,,,
7/12/21,OPP-W,1.25,21.6,1.3,0.11,140.7,,,,,,,,,,,
7/30/21,OPP-W,1.25,23.7,0.9,0.07,109.9,,,,,,,,,,,
8/3/21,OPP-W,1.25,21.5,1.1,0.1,130.6,,,,,,,,,,,
1/12/22,OPP-W,1.25,2.3,3.5,0.47,206.1,,,,,,,,,,,
1/31/22,OPP-W,1.25,1.3,1.1,0.16,317.2,,,,,,,,,,,
2/11/22,OPP-W,1.25,1.5,7.6,0.93,399,,,,,,,,,,,
7/16/21,CAP,1.5,22.5,5.4,0.47,108.5,,,,,,,,,,,
6/9/21,DCSW1,1.5,15.7,22,2.06,333.8,,,,,,,,,,,
6/21/21,DCSW1,1.5,21.4,5.6,0.48,236.3,,,,,,,,,,,
7/1/21,DCSW1,1.5,22.4,0.8,0.07,365.6,,,,,,,,,,,
7/9/21,DCSW1,1.5,22.4,0.4,0.04,367.1,,,,,,,,,,,
7/19/21,DCSW1,1.5,24,22.8,1.92,256.2,,,,,,,,,,,
7/29/21,DCSW1,1.5,25,1.2,0.1,41707,,,,,,,,,,,
8/4/21,DCSW1,1.5,23.4,50,4.26,262.2,,,,,,,,,,,
1/13/22,DCSW1,1.5,3.1,102.6,13.73,519,,,,,,,,,,,
1/27/22,DCSW1,1.5,3.6,47.3,6.21,510,,,,,,,,,,,
2/9/22,DCSW1,1.5,3.5,10.6,1.4,614,,,,,,,,,,,
6/9/21,DCSW2,1.5,14.3,11.5,1.15,775,,,,,,,,,,,
6/21/21,DCSW2,1.5,20.1,0.1,0.01,415.6,,,,,,,,,,,
7/1/21,DCSW2,1.5,22.4,0.5,0.04,310,,,,,,,,,,,
7/9/21,DCSW2,1.5,21.6,24.7,2.17,427.3,,,,,,,,,,,
7/19/21,DCSW2,1.5,22.1,1.5,0.13,458,,,,,,,,,,,
7/29/21,DCSW2,1.5,24.2,18.7,1.56,402.9,,,,,,,,,,,
6/9/21,DCSW3,1.5,17.4,110.1,10.53,521,,,,,,,,,,,
6/21/21,DCSW3,1.5,22.2,16,1.38,404.3,,,,,,,,,,,
7/1/21,DCSW3,1.5,23.1,0.5,0.05,207.8,,,,,,,,,,,
7/9/21,DCSW3,1.5,22.6,0.6,0.05,241.2,,,,,,,,,,,
7/19/21,DCSW3,1.5,23.6,13.1,1.11,386.9,,,,,,,,,,,
7/29/21,DCSW3,1.5,23.9,1.2,0.1,95.7,,,,,,,,,,,
8/4/21,DCSW3,1.5,23,8.9,0.78,420.6,,,,,,,,,,,
6/7/21,DOBA4,1.5,18.8,3.8,0.4,303.2,,,,,,,,,,,
7/1/21,DOBA4,1.5,22.1,2.2,0.19,118.7,,,,,,,,,,,
7/9/21,DOBA4,1.5,21.4,52.5,4.64,93.5,,,,,,,,,,,
7/16/21,DOBA4,1.5,21.8,1.5,0.13,93.3,,,,,,,,,,,
8/4/21,DOBA4,1.5,21.8,1.9,0.18,94.8,,,,,,,,,,,
1/27/22,DOBA4,1.5,3.5,6.5,0.83,149.7,,,,,,,,,,,
2/9/22,DOBA4,1.5,3.5,3.2,0.42,296.7,,,,,,,,,,,
6/7/21,DOBA5,1.5,17.5,1.2,0.11,386.6,,,,,,,,,,,
6/16/21,DOBA5,1.5,22.6,6.3,0.62,366.8,,,,,,,,,,,
7/1/21,DOBA5,1.5,23.2,3.4,0.29,129.8,,,,,,,,,,,
7/8/21,DOBA5,1.5,23.9,37.7,3.18,130.5,,,,,,,,,,,
7/16/21,DOBA5,1.5,22.9,3.2,0.27,127,,,,,,,,,,,
7/29/21,DOBA5,1.5,24.5,15.2,1.27,121.4,,,,,,,,,,,
8/4/21,DOBA5,1.5,22.8,8.7,0.75,128.5,,,,,,,,,,,
1/13/22,DOBA5,1.5,3.9,5.5,0.71,176.3,,,,,,,,,,,
1/27/22,DOBA5,1.5,3.6,0.8,0.11,163.1,,,,,,,,,,,
2/9/22,DOBA5,1.5,3.5,2.1,0.28,202.5,,,,,,,,,,,
6/2/21,DOBA7,1.5,13.5,5.2,0.53,538,,,,,,,,,,,
6/29/21,DOBA7,1.5,24,54,4.55,191.3,,,,,,,,,,,
7/7/21,DOBA7,1.5,26.5,3.3,0.26,220.6,,,,,,,,,,,
7/12/21,DOBA7,1.5,22.6,13,1.11,234.4,,,,,,,,,,,
7/27/21,DOBA7,1.5,25.1,50,4.13,216.4,,,,,,,,,,,
1/14/22,DOBA7,1.5,4.2,47,5.9,2238,,,,,,,,,,,
1/31/22,DOBA7,1.5,5.3,3.5,0.43,2238,,,,,,,,,,,
2/11/22,DOBA7,1.5,4.2,8.9,1.15,4044,,,,,,,,,,,
6/10/21,DOBA8,1.5,22.9,15.8,1.35,259.1,,,,,,,,,,,
6/17/21,DOBA8,1.5,24.5,40.1,3.34,275,,,,,,,,,,,
6/30/21,DOBA8,1.5,23.1,1.3,0.11,104.7,,,,,,,,,,,
7/8/21,DOBA8,1.5,24.4,7.3,0.61,103.9,,,,,,,,,,,
7/20/21,DOBA8,1.5,23.8,1.1,0.09,104.5,,,,,,,,,,,
7/26/21,DOBA8,1.5,25,2.7,0.22,109.9,,,,,,,,,,,
8/5/21,DOBA8,1.5,24,44.7,3.77,94.7,,,,,,,,,,,
1/14/22,DOBA8,1.5,5.7,7.1,0.86,381.1,,,,,,,,,,,
1/30/22,DOBA8,1.5,4.8,0.7,0.09,326.2,,,,,,,,,,,
2/10/22,DOBA8,1.5,4.3,2.8,0.35,374.9,,,,,,,,,,,
6/8/21,ELV,1.5,22.4,90.5,7.86,560,,,,,,,,,,,
6/17/21,ELV,1.5,24.5,91.9,7.67,574,,,,,,,,,,,
6/30/21,ELV,1.5,23,1.3,0.11,259.6,,,,,,,,,,,
7/8/21,ELV,1.5,23.6,11.5,0.97,254.1,,,,,,,,,,,
7/20/21,ELV,1.5,24.2,42.4,3.56,221.1,,,,,,,,,,,
7/26/21,ELV,1.5,25.5,38.1,3.11,225.4,,,,,,,,,,,
8/3/21,ELV,1.5,23.3,37.8,3.24,211.1,,,,,,,,,,,
1/14/22,ELV,1.5,3.7,51.2,6.69,199.6,,,,,,,,,,,
1/30/22,ELV,1.5,3.3,36.5,4.73,184,,,,,,,,,,,
2/10/22,ELV,1.5,2.9,61.2,8.05,219.5,,,,,,,,,,,
6/10/21,HP-UW,1.5,21.5,27.1,2.42,1639,,,,,,,,,,,
6/18/21,HP-UW,1.5,22.3,38.1,3.3,1122,,,,,,,,,,,
6/29/21,HP-UW,1.5,21.6,52.5,3.49,1308,,,,,,,,,,,
7/7/21,HP-UW,1.5,23.3,119.6,10.16,131.2,,,,,,,,,,,
7/26/21,HP-UW,1.5,23.4,60.6,5.15,1465,,,,,,,,,,,
8/5/21,HP-UW,1.5,22.9,106.2,9.09,1461,,,,,,,,,,,
1/31/22,HP-UW,1.5,4.3,110.2,14.26,1616,,,,,,,,,,,
6/30/21,MDT,1.5,22.3,0.9,0.08,163.8,,,,,,,,,,,
7/8/21,MDT,1.5,22.7,16.2,1.4,135.5,,,,,,,,,,,
7/20/21,MDT,1.5,23.7,2.3,0.19,130.2,,,,,,,,,,,
7/26/21,MDT,1.5,25.7,7.7,0.64,144.3,,,,,,,,,,,
8/5/21,MDT,1.5,23.9,44.2,3.73,110.8,,,,,,,,,,,
1/14/22,MDT,1.5,3.4,106.1,14.06,199.6,,,,,,,,,,,
6/29/21,OPP-E,1.5,22.5,1,0.08,197.9,,,,,,,,,,,
7/7/21,OPP-E,1.5,24,1.2,0.1,208.4,,,,,,,,,,,
7/12/21,OPP-E,1.5,22.3,2,0.17,202.1,,,,,,,,,,,
7/30/21,OPP-E,1.5,24.9,2,0.17,215.7,,,,,,,,,,,
8/3/21,OPP-E,1.5,22.6,45.5,3.97,212,,,,,,,,,,,
6/2/21,OPP-W,1.5,11.9,1.2,0.12,363,,,,,,,,,,,
6/14/21,OPP-W,1.5,16.3,0.8,0.08,398.3,,,,,,,,,,,
6/29/21,OPP-W,1.5,21.4,0.4,0.04,172.3,,,,,,,,,,,
7/7/21,OPP-W,1.5,21.4,0.5,0.05,185.5,,,,,,,,,,,
7/12/21,OPP-W,1.5,20.8,0.9,0.08,165.5,,,,,,,,,,,
7/30/21,OPP-W,1.5,22.7,0.7,0.06,136,,,,,,,,,,,
8/3/21,OPP-W,1.5,21.3,0.9,0.08,127.4,,,,,,,,,,,
1/12/22,OPP-W,1.5,2.7,2.9,0.38,206.3,,,,,,,,,,,
2/11/22,OPP-W,1.5,1.6,2.9,0.4,400.5,,,,,,,,,,,
8/4/21,DOBA4,1.73,21.3,1.4,0.13,109.5,,,,,,,,,,,
7/16/21,CAP,1.75,22.1,0.8,0.07,143.8,,,,,,,,,,,
6/21/21,DCSW1,1.75,19.5,0.8,0.07,329.2,,,,,,,,,,,
7/1/21,DCSW1,1.75,21.4,0.9,0.08,437.2,,,,,,,,,,,
7/9/21,DCSW1,1.75,22.1,0.3,0.03,371,,,,,,,,,,,
7/19/21,DCSW1,1.75,23.4,11.7,0.99,271.1,,,,,,,,,,,
7/29/21,DCSW1,1.75,24.5,0.8,0.07,430.6,,,,,,,,,,,
8/4/21,DCSW1,1.75,23.2,25.6,2.19,266,,,,,,,,,,,
1/13/22,DCSW1,1.75,3.6,78.9,10.35,523,,,,,,,,,,,
1/27/22,DCSW1,1.75,3.7,42.6,5.58,516,,,,,,,,,,,
2/9/22,DCSW1,1.75,3.5,9.8,1.29,616,,,,,,,,,,,
7/9/21,DCSW2,1.75,21.4,2.3,0.2,446.6,,,,,,,,,,,
7/29/21,DCSW2,1.75,24.1,13.8,1.16,404.7,,,,,,,,,,,
6/9/21,DCSW3,1.75,17,95.5,9.2,524,,,,,,,,,,,
6/21/21,DCSW3,1.75,21.3,2,0.18,419.4,,,,,,,,,,,
7/1/21,DCSW3,1.75,22.1,0.9,0.08,250.3,,,,,,,,,,,
7/9/21,DCSW3,1.75,22.4,0.5,0.05,243,,,,,,,,,,,
7/19/21,DCSW3,1.75,22.9,3,0.26,394.5,,,,,,,,,,,
8/4/21,DCSW3,1.75,22.9,7.7,0.66,422.2,,,,,,,,,,,
6/7/21,DOBA5,1.75,17.1,0.5,0.05,386,,,,,,,,,,,
6/16/21,DOBA5,1.75,19.3,1.4,0.12,393,,,,,,,,,,,
7/1/21,DOBA5,1.75,22.4,0.9,0.08,151.6,,,,,,,,,,,
7/1/21,DOBA5,1.75,22.4,0.9,0.08,151.6,,,,,,,,,,,
7/8/21,DOBA5,1.75,23.8,26.4,2.23,134.4,,,,,,,,,,,
7/16/21,DOBA5,1.75,22.6,1,0.09,141.5,,,,,,,,,,,
7/29/21,DOBA5,1.75,23.7,2.2,0.18,137.6,,,,,,,,,,,
8/4/21,DOBA5,1.75,22.6,1.8,0.15,138.6,,,,,,,,,,,
1/13/22,DOBA5,1.75,3.9,3.9,0.5,177.8,,,,,,,,,,,
1/27/22,DOBA5,1.75,3.8,0.8,0.1,170.9,,,,,,,,,,,
2/9/22,DOBA5,1.75,3.8,1.9,0.24,209.1,,,,,,,,,,,
6/29/21,DOBA7,1.75,24,53.8,4.53,190.4,,,,,,,,,,,
7/12/21,DOBA7,1.75,22.4,1.1,0.1,246.3,,,,,,,,,,,
1/14/22,DOBA7,1.75,4.5,30.1,3.14,2750,,,,,,,,,,,
6/10/21,DOBA8,1.75,18.5,4.7,0.44,265.3,,,,,,,,,,,
6/17/21,DOBA8,1.75,23.2,2.5,0.22,282,,,,,,,,,,,
6/30/21,DOBA8,1.75,22.3,1,0.09,120,,,,,,,,,,,
7/8/21,DOBA8,1.75,24.4,2.2,0.18,104.7,,,,,,,,,,,
7/20/21,DOBA8,1.75,22.9,0.9,0.07,108.5,,,,,,,,,,,
7/26/21,DOBA8,1.75,23.7,1.9,0.16,118.9,,,,,,,,,,,
8/5/21,DOBA8,1.75,23.4,5.6,0.47,94.4,,,,,,,,,,,
1/14/22,DOBA8,1.75,5.8,5.6,0.68,383.9,,,,,,,,,,,
1/30/22,DOBA8,1.75,4.8,0.6,0.07,326.5,,,,,,,,,,,
2/10/22,DOBA8,1.75,4.7,2.4,0.3,377.6,,,,,,,,,,,
6/8/21,ELV,1.75,21.1,61.6,5.56,562,,,,,,,,,,,
6/17/21,ELV,1.75,24.4,79.6,6.63,574,,,,,,,,,,,
6/30/21,ELV,1.75,22.9,0.8,0.07,262.6,,,,,,,,,,,
7/8/21,ELV,1.75,23.6,9.6,0.81,253.9,,,,,,,,,,,
7/20/21,ELV,1.75,23.8,19.4,1.64,222,,,,,,,,,,,
7/26/21,ELV,1.75,25.2,14,1.15,226,,,,,,,,,,,
8/3/21,ELV,1.75,23.2,37.5,3.2,211.4,,,,,,,,,,,
1/14/22,ELV,1.75,3.7,47.9,6.27,199.9,,,,,,,,,,,
1/30/22,ELV,1.75,3.6,31,4.1,184.6,,,,,,,,,,,
2/10/22,ELV,1.75,3.2,37.9,5.05,220,,,,,,,,,,,
6/10/21,HP-UW,1.75,21,10.3,0.9,1611,,,,,,,,,,,
6/18/21,HP-UW,1.75,22.2,17.1,1.49,1420,,,,,,,,,,,
6/29/21,HP-UW,1.75,21.3,46,4.04,1392,,,,,,,,,,,
7/26/21,HP-UW,1.75,23.1,22.6,1.98,1476,,,,,,,,,,,
8/5/21,HP-UW,1.75,22.6,92.3,7.94,1522,,,,,,,,,,,
6/29/21,OPP-E,1.75,21.3,0.8,0.08,206.8,,,,,,,,,,,
6/2/21,OPP-W,1.75,11.3,1,0.1,357.7,,,,,,,,,,,
6/14/21,OPP-W,1.75,14.5,0.6,0.06,402.8,,,,,,,,,,,
6/29/21,OPP-W,1.75,20.2,0.3,0.03,200,,,,,,,,,,,
7/12/21,OPP-W,1.75,20,0.7,0.06,206.4,,,,,,,,,,,
7/30/21,OPP-W,1.75,21.7,0.6,0.06,209.9,,,,,,,,,,,
8/3/21,OPP-W,1.75,20.7,0.9,0.08,211,,,,,,,,,,,
1/12/22,OPP-W,1.75,2.8,2.4,0.32,208.9,,,,,,,,,,,
2/11/22,OPP-W,1.75,1.7,2.1,0.29,401.4,,,,,,,,,,,
7/1/21,DCSW1,2,18.6,0.8,0.07,520,,,,,,,,,,,
7/9/21,DCSW1,2,20.2,0.2,0.02,510,,,,,,,,,,,
7/29/21,DCSW1,2,23,0.7,0.06,457.3,,,,,,,,,,,
1/13/22,DCSW1,2,3.7,69.5,9.11,527,,,,,,,,,,,
6/21/21,DCSW3,2,19.5,1.2,0.11,565,,,,,,,,,,,
7/19/21,DCSW3,2,21.5,0.9,0.08,441.9,,,,,,,,,,,
8/4/21,DCSW3,2,22.8,2.4,0.2,427.9,,,,,,,,,,,
6/16/21,DOBA5,2,17.2,0.8,0.08,418.2,,,,,,,,,,,
7/1/21,DOBA5,2,19.5,0.4,0.03,240,,,,,,,,,,,
7/16/21,DOBA5,2,22.5,0.8,0.08,150.6,,,,,,,,,,,
8/4/21,DOBA5,2,21.6,1.3,0.12,190.4,,,,,,,,,,,
1/13/22,DOBA5,2,4,4.1,0.54,177.5,,,,,,,,,,,
1/27/22,DOBA5,2,4.6,0.6,0.08,508,,,,,,,,,,,
2/9/22,DOBA5,2,4.2,1.7,0.22,253.9,,,,,,,,,,,
6/29/21,DOBA7,2,23.9,50.5,4.26,182.2,,,,,,,,,,,
6/30/21,DOBA8,2,20.8,0.8,0.07,161.8,,,,,,,,,,,
7/8/21,DOBA8,2,24.2,0.3,0.03,105.6,,,,,,,,,,,
7/20/21,DOBA8,2,21.2,0.7,0.06,130.4,,,,,,,,,,,
8/5/21,DOBA8,2,22.4,1.9,0.16,112.5,,,,,,,,,,,
1/14/22,DOBA8,2,5.8,4.1,0.51,399.6,,,,,,,,,,,
6/8/21,ELV,2,18,23.1,2.18,571,,,,,,,,,,,
6/17/21,ELV,2,23.9,6.3,0.53,575,,,,,,,,,,,
6/30/21,ELV,2,22.7,0.7,0.06,265.5,,,,,,,,,,,
7/8/21,ELV,2,23.2,1.6,0.14,256.2,,,,,,,,,,,
7/20/21,ELV,2,23.4,1.6,0.14,223.7,,,,,,,,,,,
7/26/21,ELV,2,24.6,1.6,0.13,228.1,,,,,,,,,,,
8/3/21,ELV,2,23.2,28.7,2.45,210.2,,,,,,,,,,,
1/14/22,ELV,2,3.7,46.2,6.06,199.9,,,,,,,,,,,
1/30/22,ELV,2,3.7,27.1,3.57,185.1,,,,,,,,,,,
2/10/22,ELV,2,3.2,36.2,4.83,220.1,,,,,,,,,,,
8/5/21,HP-UW,2,22.4,92.6,8.02,1528,,,,,,,,,,,
6/2/21,OPP-W,2,11,0.7,0.08,361.6,,,,,,,,,,,
6/14/21,OPP-W,2,12.8,0.5,0.05,425.2,,,,,,,,,,,
6/29/21,OPP-W,2,18.5,0.2,0.02,253.6,,,,,,,,,,,
7/12/21,OPP-W,2,18.9,0.6,0.05,281.1,,,,,,,,,,,
7/30/21,OPP-W,2,20,0.5,0.05,265.6,,,,,,,,,,,
8/3/21,OPP-W,2,19.9,0.7,0.06,287.5,,,,,,,,,,,
1/12/22,OPP-W,2,2.8,2.2,0.3,208,,,,,,,,,,,
2/11/22,OPP-W,2,1.7,2.1,0.29,401.7,,,,,,,,,,,
6/8/21,ELV,2.25,18.1,10,0.93,554,,,,,,,,,,,
6/17/21,ELV,2.25,22.9,1.9,0.16,579,,,,,,,,,,,
6/30/21,ELV,2.25,22.6,0.5,0.04,268.5,,,,,,,,,,,
7/8/21,ELV,2.25,23,0.7,0.06,263.2,,,,,,,,,,,
7/20/21,ELV,2.25,22.6,0.9,0.08,230.3,,,,,,,,,,,
7/26/21,ELV,2.25,23.5,1.3,0.1,238.1,,,,,,,,,,,
8/3/21,ELV,2.25,23.1,27,2.3,210.3,,,,,,,,,,,
1/14/22,ELV,2.25,3.8,44.8,5.86,201,,,,,,,,,,,
1/30/22,ELV,2.25,3.7,26.5,3.48,185.6,,,,,,,,,,,
2/10/22,ELV,2.25,3.3,33.4,4.39,220.3,,,,,,,,,,,
6/14/21,OPP-W,2.25,12.3,0.3,0.03,439.5,,,,,,,,,,,
6/29/21,OPP-W,2.25,17.3,0.3,0.02,302.4,,,,,,,,,,,
7/12/21,OPP-W,2.25,18.3,0.5,0.05,325.1,,,,,,,,,,,
7/30/21,OPP-W,2.25,19.5,0.4,0.04,297.9,,,,,,,,,,,
8/3/21,OPP-W,2.25,19.3,0.6,0.05,328.4,,,,,,,,,,,
2/11/22,OPP-W,2.25,1.7,2.2,0.31,402.2,,,,,,,,,,,
6/8/21,ELV,2.5,15.6,1.4,0.14,566,,,,,,,,,,,
6/17/21,ELV,2.5,19.1,0.9,0.08,611,,,,,,,,,,,
6/30/21,ELV,2.5,22.3,0.4,0.03,281.8,,,,,,,,,,,
7/8/21,ELV,2.5,22.4,0.4,0.03,265.3,,,,,,,,,,,
7/20/21,ELV,2.5,22.1,0.6,0.06,243.3,,,,,,,,,,,
7/26/21,ELV,2.5,22.6,0.9,0.08,254.6,,,,,,,,,,,
8/3/21,ELV,2.5,23,20.1,1.73,212.4,,,,,,,,,,,
1/14/22,ELV,2.5,3.8,42.1,5.5,201.4,,,,,,,,,,,
1/30/22,ELV,2.5,3.8,24.6,3.23,185.8,,,,,,,,,,,
2/10/22,ELV,2.5,3.3,31.2,4.14,220.3,,,,,,,,,,,
6/29/21,OPP-W,2.5,17.6,0.1,0.01,342,,,,,,,,,,,
7/12/21,OPP-W,2.5,17.5,0.3,0.03,393.3,,,,,,,,,,,
7/30/21,OPP-W,2.5,18,0.4,0.04,355.7,,,,,,,,,,,
8/3/21,OPP-W,2.5,18.8,0.5,0.05,378.5,,,,,,,,,,,
6/8/21,ELV,2.75,14.6,0.7,0.07,569,,,,,,,,,,,
6/30/21,ELV,2.75,21.6,0.3,0.03,203.4,,,,,,,,,,,
7/8/21,ELV,2.75,20.8,0.3,0.02,339.7,,,,,,,,,,,
7/20/21,ELV,2.75,21.4,0.5,0.04,257.5,,,,,,,,,,,
7/26/21,ELV,2.75,21.5,0.7,0.06,273.4,,,,,,,,,,,
8/3/21,ELV,2.75,23,8.2,0.7,214.4,,,,,,,,,,,
1/14/22,ELV,2.75,3.8,40.7,5.32,202.4,,,,,,,,,,,
1/30/22,ELV,2.75,3.8,23.1,2.96,186.1,,,,,,,,,,,
2/10/22,ELV,2.75,3.4,27.9,3.68,220.9,,,,,,,,,,,
7/30/21,OPP-W,2.75,17.2,0.4,0.04,405,,,,,,,,,,,
7/8/21,ELV,3,20.1,0.2,0.02,376,,,,,,,,,,,
7/20/21,ELV,3,20.6,0.4,0.04,495,,,,,,,,,,,
7/26/21,ELV,3,20.7,0.6,0.05,300,,,,,,,,,,,
8/3/21,ELV,3,22.8,3,0.26,230,,,,,,,,,,,
1/14/22,ELV,3,3.9,39.6,5.19,202.2,,,,,,,,,,,
1/30/22,ELV,3,3.9,21.3,2.79,186.3,,,,,,,,,,,
8/3/21,ELV,3.25,22.3,0.8,0.07,240.7,,,,,,,,,,,